Title;Company;Location;Salary
Klientų aptarnavimo vadybininkė (-as);UAB „Kauno interneto sistemos“;Kaunas;1200-2300
KOKYBĖS KONTROLIERIUS (-Ė);BIOVELA GROUP;Utena;1280-1760
Ūkvedys (-ė) „Impuls“ sporto klubams;UAB „Impuls LTU“;Vilnius;From 8
Techninės priežiūros inžinierius (-ė);UAB Alumingo;Kaunas;2300-2700
Tvarių pastatų vertintojas | Tvarumo konsultantas;UAB „SEES Group“;Vilnius;1200-2500
Linijos darbininkas (-ė);UAB „Schmitz Cargobull Baltic“;Panevėžys;From 1000
Draudimo specialistas (-ė) Klaipėdoje;AAS „BTA Baltic Insurance Company“ filialas Lietuvoje;Klaipėda;1200-1600
Svarbių klientų vadybininkė (-as) (Žaislų kategorija) didmeninėje prekyboje;Kotryna Group, UAB;Vilnius;From 1700
Pardavimų vadybininkas;Nuotykių kateris, UAB;Vilnius;2600-4250
JAUNESNYSIS INŽINIERIUS - PROJEKTUOTOJAS (-Ė);UAB „ERGOVENT“;Kaunas;From 1300
Elektrokrautuvo vairuotojas;UAB „Press Glass“;Kaunas;2030-2250
Gamybos darbuotojas (be naktinio darbo, laisvi savaitgaliai);ARIMEX UAB;Vilnius;1520-1900
Pardavėja (-as) – konsultantė (-as) VILNIUJE;UAB „Araneta“;Vilnius;2000-2500
Asmeninis slaugytojas (-a) pas klientą namuose;ATENA-SMART CARE, s.r.o.;Netherlands;2000-3000
Virėjas (-a);VšĮ „VILNVARSA“;Vilnius;1100-1300
Šlifuotojas (2 pamainos) (APMOKOME);UAB „Novameta“;Kaunas;1200-1440
ADMINISTRATORĖ (-IUS) / Vadovo asistentas (0.5 etato);UAB „Eurospektras“;Vilnius;600
PARDUOTUVĖS ADMINISTRATORIUS (-Ė) INFOCENTRE VILNIUJE (Pilaitėje);UAB „MAKVEŽA“;Vilnius;1426-1501
Prekių surinkėja (-as) sandėlyje;UAB „BGC service“;Vilnius;900-1200
Vairuotojas (-a) B kat.;UAB „BGC service“;Vilnius;1100-1400
Gamybos operatorius (-ė);UAB „Press Glass“;Kaunas;1800-2100
Pakuotojas (-a);UAB „Press Glass“;Kaunas;1800-2100
Assistant in Risk Department in Vilnius;ATRADIUS;Vilnius;1900-2300
Tapk „Telia“ gedimų šalinimo specialistu (-e) telefonu Kaune;Telia;Kaunas;1400-2000
Fasuotoja (-as) - pakuotoja (-as);UAB „Ritamum pharma“;Vilnius;900-1000
KURJERIS B KATEGORIJA VAIRUOTOJAS - KROVĖJAS;UAB „Evinara“;Vilnius;1100-1400
Techninės priežiūros ir aptarnavimo skyriaus vadovas (-ė);UAB „Marx Vilnius“;Vilnius;1700-2100
Klientų aptarnavimo konsultantas telefonu Kaune (0,75-1 et.);UAB „TELE2“;Kaunas;1100-2200
Linijos operatoriai (-ės);UAB „Lietpak“;Vilnius;1987-2562
SERVISO VADYBININKAS (VOKIETIJOJE);UAB „MANVALDA“;Germany;From 1700
Pardavimo vadybininkas (-ė);UAB „Biomedikos centras“;Kaunas;1652-2479
Pardavėjas (-a) Vilniuje (Dūkštų g.) (galimybė dirbti nepilnu etatu);UAB „Lidl Lietuva“;Vilnius;1225-1990
AUTOŠALTKALVIS (-Ė) KAUNE;ADAMPOLIS GROUP;Kaunas;1200-2000
INŽINIERIUS - TECHNOLOGAS;UAB „Electronic House“;Vilnius;2000-3000
Aptarnavimo technikas (mechanikas);UAB „Lemba“;Germany;3500-6000
Buhalteris (-ė);UAB Sveikatos centras „Energetikas“;Palanga;1000-1200
CNC frezavimo staklių operatorius (-ė);UAB „ABEPA“;Kaunas;1700-2300
Renginių vedėjas;MB „GOCRAZY LT“;Klaipėda;20-35
Renginių vedėjas;MB „GOCRAZY LT“;Kaunas;20-35
Renginių vedėjas;MB „GOCRAZY LT“;Vilnius;20-35
Kurjeris (-ė), Vilniuje, PC Ozas;UAB „Barbora“;Vilnius;1100-1400
PARDAVIMŲ VADOVAS (-Ė);„Hirelabas“ įmonių grupė;Kaunas;1800-2200
Tunelinės plovyklos operatorius (-ė) Senosios Pilaitės kelias;UAB „PRO BRO Group“;Vilnius;1380-1794
Darbas Vokietijoje prie šviesolaidžio;UAB „Fibau“;Germany;N/A
Stalius-staklininkas (-ė);SBA Grupė;Kaunas;900-1400
Pakavimo įrengimų operatorius (-ė) - krovėjas (-a);UAB „VMG Food“;Vilnius;1000-1250
Universalus baldų apmušėjas (-a);UAB „Advantus“;Kaunas;1500-2000
Pardavėja kasininkė / pardavėjas kasininkas;UAB „Cesta“;Vilnius;1039-1138
Art & LEGO Assistant;UAB „Pandos“;Vilnius;1380
Statybinių medžiagų pardavimo vadybininkas (-ė);UAB „Bauen“;Šiauliai;1200-2500
BUHALTERIS (-Ė);UAB „Bauen“;Kaunas;1200-1400
Sandėlio darbuotojas;UAB „Bauen“;Šiauliai;900-1100
IEŠKOME KORTŲ ŽAIDIMŲ VEDĖJŲ KAUNE (0,5-1 ETATU);UAB „Evolution Lithuania“;Kaunas;7.40-15.75
IEŠKOME KORTŲ MAIŠYTOJŲ KAUNE - CV NEREIKIA (0,5-1 ETATU);UAB „Evolution Lithuania“;Kaunas;7.40-11.60
IEŠKOME KORTŲ ŽAIDIMŲ VEDĖJŲ KAUNE (0,5-1 ETATU);UAB „Evolution Lithuania“;Kaunas;830-1600
PREKIŲ SURINKĖJAS (-A) EL.KRAUTUVU I-V 9:15-18val.;UAB SKUBA;Vilnius;1143-1680
Pardavėja (-as) - konsultantė (-as);UAB „Pako Lorente Baltija“;Vilnius;1050-2000
Gamybos darbuotojas (medinio skydo klijuotojas, medžio masyvo stalčių gamyba);UAB „EVABOX“;Vilnius;900-1100
MECHANIKAS (-Ė) - TECHNIKAS (-Ė);UAB „Techvitas“;Kaunas;1200-2200
QA Engineer – Frontend Automation Specialist;UAB PLC Group;Vilnius;2000-3500
Autokrautuvo vairuotojas (-a);SBA Grupė;Klaipėda;950-1200
Parduotuvės vadovas (-ė) Vilniuje;UAB „Anvol“;Vilnius;1600-2050
Aliuminio fasadų surinkėjas (-a) - operatorius (-ė) (gamyba);UAB „Glansa“;Kaunas;1100-1550
Transporto ir produktų sandėlio pamainos vadovas (-ė);UAB „Press Glass“;Kaunas;2570-2840
Sandėlio darbuotojas (-a) KAUNO LEZ (pilnas etatas);UAB „Araneta“;Kaunas;2500-3000
Terminalo operatorius (-ė), Kaune;SmartPosti, UAB;Kaunas;1264-1650
Gamybos darbuotojas (-a) (1 darbo pamaina);UAB „Novameta“;Kaunas;1100-1290
Associate Collector (German Speaker, Maternity Cover);Western Union Lithuania ~ European Regional Operations Center;Vilnius;1241-1825
Elektromechanikas (-ė);UAB „Press Glass“;Kaunas;2200-2700
VALYTOJA (-AS) (darbas 2 pamainomis);UAB „Littelfuse LT“;Kaunas;1200-1500
Prekių surinkėjas (-a) - Vokietijoje (TINKA POROMS);MB „Worknos“;Germany;1800-2500
Compliance and Legal Officer;Mango Insurance, UAB;Vilnius;2900-3400
Stabilus darbas gamyboje - rinkis tai kas Tau tinka!;UAB „Advantus“;Kaunas;1200-1770
LAIDŲ KIRPIMO OPERATORIUS (-Ė);UAB „Electronic House“;Vilnius;1200-1800
Ekskavatoriaus operatorius;Žiuko įmonė;Molėtai;From 1600
Mobiliųjų telefonų - kompiuterių specialistas;UAB „ELITELA“;Ukmergė;900-1500
ŠALTKALVIS;UAB „Electronic House“;Vilnius;1100
Gamybos darbuotojas (-a);UAB „ULMAS“;Kaunas;From 900
Prisijunk prie fantastiškos INTERACTIVE studios žaidimų vedėjų komandos Klaipėdoje!;UAB „SP STUDIO“;Klaipėda;6.36-24.81
Ekonomistas (-ė);UAB „Schmitz Cargobull Baltic“;Panevėžys;1400-1600
AB „Liteksas“ vyresnysis technikas (-ė);„Marzotto įmonių grupė“;Kaunas;1600-2300
Elektromontuotojas (-a) TP/SP;Žilinskis ir Co, UAB;Vilnius;1300-1600
Mechanikos technikas (-ė);UAB „FREDA“;Kaunas;2400-3200
Kokybės Inžinierius (-ė) (autoelektrikas);UAB „Schmitz Cargobull Baltic“;Panevėžys;1700-2000
PREKIŲ KOMPLEKTUOTOJAS (-A);UAB „Electronic House“;Vilnius;1200-1600
Radiologijos technologas (-ė) (Santariškių padalinys);InMedica grupė;Vilnius;2806-3966
Apskaitininkas (-ė) - buhalteris (-ė);UAB „Baltic Diagnostic Service“;Kaunas;1000-1200
ŠVIEŽIOS ŽUVIES SKYRIAUS PARDAVĖJAS (-A);UAB „Šiaurės jūra“;Vilnius;From 1000
Suvirintojas;UAB „LAIPTŲ FABRIKAS“;Vilnius;1300-1700
Dažytojas baldų įmonėje;UAB „FPI Baltic“;Kaunas;1200-1400
Mobiliųjų telefonų - kompiuterių specialistas;UAB „ELITELA“;Vilnius;1100-1700
Rūšiuotoja (-as) (Vežame į darbą);UAB „Bauwerk Group Lietuva“;Elektrėnai;1680-2100
Ophtalmologist;VPSO CONSEIL;France;10000-20000
Junior Recruiter;Orca Crew Services B.V. Lietuvos filialas;Klaipėda;1550-2150
Virėjas (-a) - Kulinarijos cecho darbuotojas (-a) (Žuvų produkcija);AB „Išlaužo žuvis“;Prienai;1000-1500
Automatikų komandos lyderis (-ė);UAB „FREDA“;Kaunas;3500-4500
TRANSPORTO VADYBININKUI (-EI) 🌎;UAB „MTL Group“;Vilnius;1000-2000
Pakuotojas (-a) Vokietijoje (Tinkamas Poroms);MB „Worknos“;Germany;1900-2600
SERVISO DARBUOTOJO;UAB „Felder Group Lietuva“;Vilnius;1000-1600
TECHNINIS KONSULTANTAS - PARDAVIMO VADYBININKAS;UAB „Felder Group Lietuva“;Vilnius;1000-1800
Operatorius - technikas;UAB „Mondelez Lietuva Production“;Kaunas;2500
Grožio konsultantė (-as) - Dior prekės ženklo ambasadorė (-ius) Vilniaus oro uoste;UAB „General Promotion Baltic“;Vilnius;1915
Plataus profilio statybininko - Staliaus, Švedijoje!!!;MB „Litukas“;Sweden;From 14
Transporto užsakymų vadybininkas (-ė);DS Smith Packaging;Vilnius;1870-2185
Žaliavų sandėlininkas (-ė) (LEZ);UAB FREDA II;Kaunas;2300-2500
STATYBOS DARBŲ VADOVAS (-Ė);UAB „Projektana“;Kaunas;1500-3000
Betonuotojas;UAB „Projektana“;Kaunas;1300-2300
Mechanizatorius;UAB „Projektana“;Kaunas;1400-2600
Gamybos vadovas (-ė);UAB HI-LABS;Kaunas;1500-2500
Derintojas - operatorius;AB „Pieno žvaigždės“;Panevėžys;1900-2010
TIESIOGINIŲ ŽAIDIMŲ VEDĖJAS (-A) (APMOKOME);UAB „TV ŽAIDIMAI“;Vilnius;900-1600
Jaunesnysis (-ioji) projektų vadovas (-ė) (Mažmeninė prekyba);UAB „Premiumstore“;Kaunas;2200-2700
Buhalteris (-ė);myTU (UAB „Travel Union“ );Vilnius;2500-3000
Recruiter;UAB „Nordcurrent Group“;Vilnius;3000-4000
Inžinierius automatikas (-ė);UAB FREDA II;Kaunas;2000-3200
Pagalbinis (-ė) darbuotojas (-a) - padangų montuotojas (-a). PATIRTIS NEBŪTINA!;UAB „MELGA“;Vilnius;800-1300
Autoplovėjas - valytojas;MB „Valymo technologijos“;Kaunas;1000
Langų termoprofilių montuotojas - brigadininkas;Megavalda, UAB;Kaunas;1200-2000
Studijų krypčių mokslo vadovas;Šv. Ignaco Lojolos Kolegija;Kaunas;1500
Customer Integration and Data Management Specialist;„Cencora“;Vilnius;2485-3550
VEISLYNO KOORDINATORIUS (-Ė);KIKA LT, UAB;Kaunas;1500-1900
Dažymo linijos operatorius;UAB „Koloro“;Vilnius;From 1400
Didmenos skyriaus asistentas/-ė;UAB „KONFESTA“;Vilnius;2069-2455
Turistinio autobuso vairuotojas;UAB „Meteorit Turas“;Vilnius;2000-2500
Klientų aptarnavimo specialistas (-ė) Panevėžio r., Krekenavoje;UAB „Viada LT“;Krekenava;1200-1400
Infrastruktūros inžinierė (-ius) (techninė dokumentacija ir atitiktis);LTG;Vilnius;2330-3500
Klientų aptarnavimo skyriaus specialistas;UAB „Edukacija“;Kaunas;1500-1800
Vairuotojų apskaitos vadybininkė (as);UAB „Vestex transport“;Kaunas;From 1100
Technikos vadybininkas (-ė);UAB „Vestex transport“;Kaunas;From 1200
Svarbių klientų vadybininkas (-ė) (Key Account Manager);ŽŪB „Nematekas“;Kaišiadorys;1600-2000
Klientų konsultavimo komandos vadovas (-ė);AB Vilniaus šilumos tinklai;Vilnius;3200-4700
Asistentas dažymo linijoje;UAB „Koloro“;Vilnius;From 1200
Stalius;UAB „Įdarbinimo tarpininkavimo centras“;Kaunas;From 1700
Pardavimų Vadybininkas (-ė);UAB „NP grupė“;Vilnius;1400-3200
Elektrikas (-ė) PRANCŪZŲ KALBA;UAB „RNDV Group“;France;15-18
Marketingo vadybininko asistentas (-ė);UAB „Alteus“;Vilnius;1600-2400
Prekių atrinkėjas (-a) - krovėjas (-a);UAB „Signeda“;Kaunas;1402-2095
Prekių atrinkėjas (-a) - krovėjas (-a) slenkančiu grafiku;UAB „Signeda“;Kaunas;1501-2367
Restobaro administratorė;UAB „Gaisrinė“;Klaipėda;5.50-7
Kasininkas (-ė) - pardavėjas (-a),STOTIES G. 1,UKMERGĖ 0,5 ET.;IKI Lietuva, UAB;Ukmergė;525-582
Gamybos administratoriaus asistentas;UAB „IF Concept“;Panevėžys;From 1000
Kasininkas (-ė) - pardavėjas (-a), NEMUNO G. 70-16, PANEVĖŽYS;IKI Lietuva, UAB;Panevėžys;1050-1165
Krautuvo vairuotojas (-a) Vokietijoje! Išvyk greitai ir gauk 150 Eur premiją!;UAB „Headex“;Germany;1900-2000
Pamainos vadovas (-ė), NEMUNO G. 70-16, PANEVĖŽYS;IKI Lietuva, UAB;Panevėžys;1100-1240
Kokybės vadybininkas;UAB „Kitokia diena“;Klaipėda;1400-2000
PARDAVIMŲ INŽINIERIUS;PART OF UMEGA GROUP;Ukmergė;From 2100
Inžinierius projektuotojas (PV Design Engineer);UAB „Detra Solar“;Vilnius;From 2400
GAMYBOS PARUOŠIMO INŽINIERIUS;PART OF UMEGA GROUP;Ukmergė;From 2000
PARDAVĖJA (-AS) - KONSULTANTĖ (-AS) (KAUNAS, AKROPOLIS);UAB „Fliis Trade“;Kaunas;1100-2100
Kasininkas (-ė) - pardavėjas (-a), CHEMIKŲ G. 1-1, JONAVA;IKI Lietuva, UAB;Jonava;1050-1165
Elektrikas - Inžinierius - Mechanikas;UAB „Vilniaus skalbykla“;Vilnius;1500-2500
Sandėlininkas - prekių atrinkėjas Vilniuje;AB „ŽEMAITIJOS PIENAS“;Vilnius;1300
Pardavimų vadybininkas (-ė);UAB „ALWARK“;Vilnius;1500-3000
Aukštalipis (-ė);UAB „Alpinus LT“;Kaunas;1750-2900
Kūrybos dizaineris (-ė);AB „ŽEMAITIJOS PIENAS“;Šiauliai;3300-3700
Kūrybos dizaineris (-ė);AB „ŽEMAITIJOS PIENAS“;Klaipėda;3300-3700
Gamybos meistras (-ė);UAB „Medienos era“;Kaunas;From 2300
Kasininkė (-as);UAB „VSGA“;Klaipėda;1250-1400
Pardavimo vadybininkas (-ė) telefonu pozicija;CITY SERVICE įmonių grupė;Šiauliai;1225-1800
PARDAVIMŲ VADYBININKAS (-Ė);UAB „Vlantana“;Vilnius;2500-3500
PARDAVIMŲ VADYBININKAS (-Ė) (ACCOUNT MANAGER);BIOVELA GROUP;Vilnius;2455-2976
Marketingo vadybininkė (-as);UAB „Vidara“;Marijampolė;1000
Padavėja (-as) - pardavėja (-as);UAB „Avetus“;Vilnius;900
Išmaniųjų technologijų ekspertas Kaune;UAB „TELE2“;Kaunas;1200-4000
Verslo klientų vadybininkas Kaune (klientų pritraukimas);UAB „TELE2“;Kaunas;1850-3000
Verslo klientų vadybininkas Vilniuje (klientų pritraukimas);UAB „TELE2“;Vilnius;1850-3000
Pardavimų vadybininkas Šilalėje;UAB „TELE2“;Šilalė;1200-4900
Apsaugos darbuotojas (-a) statybos objekte;UAB „Ekskomisarų biuras“;Vilnius;1100-1300
Apsaugos darbuotojas (-a) statybos objekte;UAB „Ekskomisarų biuras“;Vilnius;1100-1300
Kebabų ruošėja (-as);UAB „Vydris“;Marijampolė;900-1300
Telemarketingo pardavimų vadybininkas Kaune;UAB „TELE2“;Kaunas;1300-2500
Head of Product Development;UAB „Medicinos linija“;Šiauliai;3300-4500
Pardavimų komandos vadovas Vilniuje;UAB „TELE2“;Vilnius;2100-4000
Pardavimų vadybininkas Vilniuje;UAB „TELE2“;Vilnius;1200-4900
Stalius (langų stiklinimas);ARLANGA wood, UAB;Vilnius;1130-1500
Verslo skyriaus vyr. specialistas (-ė);UAB „ALISA MANAGEMENT LABORATORY“;Alytus;1700-3000
EKSPEDICIJOS VADYBININKAS;UAB „Truktransa“;Kaunas;1200-5000
PARDAVIMŲ APSKAITOS SKYRIAUS VADOVAS (-Ė);BIOVELA GROUP;Utena;2000-3000
JAUNESNYSIS (-IOJI) ŠVIEŽIOS MĖSOS TECHNOLOGAS (-Ė);BIOVELA GROUP;Utena;1400-1800
Autoelektrikas;UAB „AutoRC“;Šiauliai;From 800
Tapk anglų kalbos mokytoja (-as)! Patirtis nebūtina | English Language Teacher;UAB „Intellectus kalbų centras“;Vilnius;16-21
Naujų automobilių pardavimo vadybininkas (-ė);UAB „IVUANA“;Kaunas;1000-3000
TEISININKAS (-Ė);UAB „BnP Finance“;Vilnius;2000-3000
Vyresnysis teisininkas (-ė);ADB „Gjensidige“;Vilnius;2051-3077
Automobilių plovėjas;UAB „Autojuta“;Vilnius;1300-2600
Operatorius (-ė) - surinkėjas (-a);AQ Wiring Systems UAB;Panevėžys;1072-1900
Informacinių technologijų ir ryšių saugumo specialistas (-ė);Lietuvos Respublikos ryšių reguliavimo tarnyba;Vilnius;2500-2850
MONTUOTOJAS (-A) - SUVIRINTOJAS (-A);INHUS;Vilnius;1500-1900
Customer Success Specialist;UAB „ESTO“;Vilnius;1500-1800
Registratorė (-ius) medicinos klinikoje Vilniuje;NORTHWAY ĮMONIŲ GRUPĖ;Vilnius;1898
Tapk anglų kalbos mokytoja (-as)! Patirtis nebūtina | English Language Teacher;UAB „Intellectus kalbų centras“;Kaunas;16-21
Privačių namų tvarkytojas (-a) Švedijoje;UAB „Personalas“;Sweden;1900-2200
Tapk anglų kalbos mokytoja (-as)! Patirtis nebūtina | English Language Teacher;UAB „Intellectus kalbų centras“;Klaipėda;16-21
Teisininkas/-ė;UAB „Tyrens Lietuva“;Kaunas;3300-4000
Projektų vadovas (-ė);UAB „Omberg group“;Vilnius;5000-7000
Atliekų tvarkymo specialistas-kontrolierius;UAB „Panevėžio regiono atliekų tvarkymo centras“;Biržai;1671-1839
Apsaugos darbuotojas reagavimo ekipažai dirba po du;UAB „JUNGTIS“;Kaunas;1050-1350
Buhalterė (-is);UAB „Biržų duona“;Biržai;1400
Projektų vadovas (-ė);UAB „Betono mozaika“;Kaunas;2420-2720
AUTOMATIKOS ĮRENGIMŲ DERINTOJAS;AB „Panevėžio stiklas“;Panevėžys;1100-1700
Jaunesnysis IT konsultantas (-ė);UAB „RASO“;Vilnius;From 1160
Statybos projekto vadovas;UAB „Baltijos pašvaistė“;Kaunas;3200-4600
Fasavimo linijų operatorius (-ė);IKI Lietuva, UAB;Panevėžys;1100-1870
Saulės elektrinių montuotojas (-a);Energroup, UAB;Vilnius;1800-3000
„Outlet Space“ pardavėjai - konsultantai (0,5 – 0,75 et.) PC „Vilnius Outlet“, (PILAITĖ);„Aprangos“ grupė;Vilnius;600-1130
PAMAINOS VYRESNYSIS (-IOJI) (DARBAS SANDĖLYJE);Sanitex įmonių grupė;Kaunas;1200-1500
Marketingo ir e-komercijos specialistas (-ė);Rx vaistinė, UAB;Kaunas;N/A
Stogų plovėjas Švedijoje;UAB „Personalas“;Sweden;2000-2500
Pardavėjas (-a) - barista, Vilnius (Vilnius Outlet);UAB „Biržų duona“;Vilnius;900-1050
Siūlome darbą sushi meistrams MANAMI restorane!;Amber Food grupė;Šiauliai;6
Įrengimų operatorius (apmokome);UAB „Vilkritis“;Vilnius;From 1150
Technikas (-ė) - mechanikas (-ė);UAB „KB Components“;Kaunas;From 1000
Pastatų apšiltintojas;UAB „Termoputa“;Šiauliai;800-1300
Procurement Manager (Photonics/ Laser optics);UAB „ALTECHNA“;Vilnius;1800-2800
PARDAVĖJA (-AS) - KONSULTANTĖ (-AS) PC Panorama 0,75 etatu;AUDIMAS įmonių grupė;Vilnius;825-1200
Transporto vadybininkas (-ė);UAB „Finėjas“;Vilnius;From 1600
Data Governance and Architecture Lead;UAB „DPD Lietuva“;Vilnius;5000-7000
Projektų vadovė (-as) (Turto realizavimas);LTG;Vilnius;2785-4175
Studijų krypčių mokslo vadovas;Šv. Ignaco Lojolos Kolegija;Kaunas;1500
Customer Integration and Data Management Specialist;„Cencora“;Vilnius;2485-3550
VEISLYNO KOORDINATORIUS (-Ė);KIKA LT, UAB;Kaunas;1500-1900
Dažymo linijos operatorius;UAB „Koloro“;Vilnius;From 1400
Didmenos skyriaus asistentas/-ė;UAB „KONFESTA“;Vilnius;2069-2455
Turistinio autobuso vairuotojas;UAB „Meteorit Turas“;Vilnius;2000-2500
Klientų aptarnavimo specialistas (-ė) Panevėžio r., Krekenavoje;UAB „Viada LT“;Krekenava;1200-1400
Infrastruktūros inžinierė (-ius) (techninė dokumentacija ir atitiktis);LTG;Vilnius;2330-3500
Klientų aptarnavimo skyriaus specialistas;UAB „Edukacija“;Kaunas;1500-1800
Vairuotojų apskaitos vadybininkė (as);UAB „Vestex transport“;Kaunas;From 1100
Technikos vadybininkas (-ė);UAB „Vestex transport“;Kaunas;From 1200
Svarbių klientų vadybininkas (-ė) (Key Account Manager);ŽŪB „Nematekas“;Kaišiadorys;1600-2000
Klientų konsultavimo komandos vadovas (-ė);AB Vilniaus šilumos tinklai;Vilnius;3200-4700
Asistentas dažymo linijoje;UAB „Koloro“;Vilnius;From 1200
Stalius;UAB „Įdarbinimo tarpininkavimo centras“;Kaunas;From 1700
Pardavimų Vadybininkas (-ė);UAB „NP grupė“;Vilnius;1400-3200
Elektrikas (-ė) PRANCŪZŲ KALBA;UAB „RNDV Group“;France;15-18
Marketingo vadybininko asistentas (-ė);UAB „Alteus“;Vilnius;1600-2400
Prekių atrinkėjas (-a) - krovėjas (-a);UAB „Signeda“;Kaunas;1402-2095
Prekių atrinkėjas (-a) - krovėjas (-a) slenkančiu grafiku;UAB „Signeda“;Kaunas;1501-2367
Restobaro administratorė;UAB „Gaisrinė“;Klaipėda;5.50-7
Kasininkas (-ė) - pardavėjas (-a),STOTIES G. 1,UKMERGĖ 0,5 ET.;IKI Lietuva, UAB;Ukmergė;525-582
Gamybos administratoriaus asistentas;UAB „IF Concept“;Panevėžys;From 1000
Kasininkas (-ė) - pardavėjas (-a), NEMUNO G. 70-16, PANEVĖŽYS;IKI Lietuva, UAB;Panevėžys;1050-1165
Krautuvo vairuotojas (-a) Vokietijoje! Išvyk greitai ir gauk 150 Eur premiją!;UAB „Headex“;Germany;1900-2000
Pamainos vadovas (-ė), NEMUNO G. 70-16, PANEVĖŽYS;IKI Lietuva, UAB;Panevėžys;1100-1240
Kokybės vadybininkas;UAB „Kitokia diena“;Klaipėda;1400-2000
PARDAVIMŲ INŽINIERIUS;PART OF UMEGA GROUP;Ukmergė;From 2100
Inžinierius projektuotojas (PV Design Engineer);UAB „Detra Solar“;Vilnius;From 2400
GAMYBOS PARUOŠIMO INŽINIERIUS;PART OF UMEGA GROUP;Ukmergė;From 2000
PARDAVĖJA (-AS) - KONSULTANTĖ (-AS) (KAUNAS, AKROPOLIS);UAB „Fliis Trade“;Kaunas;1100-2100
Kasininkas (-ė) - pardavėjas (-a), CHEMIKŲ G. 1-1, JONAVA;IKI Lietuva, UAB;Jonava;1050-1165
Elektrikas - Inžinierius - Mechanikas;UAB „Vilniaus skalbykla“;Vilnius;1500-2500
Sandėlininkas - prekių atrinkėjas Vilniuje;AB „ŽEMAITIJOS PIENAS“;Vilnius;1300
Pardavimų vadybininkas (-ė);UAB „ALWARK“;Vilnius;1500-3000
Aukštalipis (-ė);UAB „Alpinus LT“;Kaunas;1750-2900
Kūrybos dizaineris (-ė);AB „ŽEMAITIJOS PIENAS“;Šiauliai;3300-3700
Kūrybos dizaineris (-ė);AB „ŽEMAITIJOS PIENAS“;Klaipėda;3300-3700
Gamybos meistras (-ė);UAB „Medienos era“;Kaunas;From 2300
Kasininkė (-as);UAB „VSGA“;Klaipėda;1250-1400
Pardavimo vadybininkas (-ė) telefonu pozicija;CITY SERVICE įmonių grupė;Šiauliai;1225-1800
PARDAVIMŲ VADYBININKAS (-Ė);UAB „Vlantana“;Vilnius;2500-3500
PARDAVIMŲ VADYBININKAS (-Ė) (ACCOUNT MANAGER);BIOVELA GROUP;Vilnius;2455-2976
Marketingo vadybininkė (-as);UAB „Vidara“;Marijampolė;1000
Padavėja (-as) - pardavėja (-as);UAB „Avetus“;Vilnius;900
Išmaniųjų technologijų ekspertas Kaune;UAB „TELE2“;Kaunas;1200-4000
Verslo klientų vadybininkas Kaune (klientų pritraukimas);UAB „TELE2“;Kaunas;1850-3000
Verslo klientų vadybininkas Vilniuje (klientų pritraukimas);UAB „TELE2“;Vilnius;1850-3000
Pardavimų vadybininkas Šilalėje;UAB „TELE2“;Šilalė;1200-4900
Apsaugos darbuotojas (-a) statybos objekte;UAB „Ekskomisarų biuras“;Vilnius;1100-1300
Apsaugos darbuotojas (-a) statybos objekte;UAB „Ekskomisarų biuras“;Vilnius;1100-1300
Kebabų ruošėja (-as);UAB „Vydris“;Marijampolė;900-1300
Telemarketingo pardavimų vadybininkas Kaune;UAB „TELE2“;Kaunas;1300-2500
Head of Product Development;UAB „Medicinos linija“;Šiauliai;3300-4500
Pardavimų komandos vadovas Vilniuje;UAB „TELE2“;Vilnius;2100-4000
Pardavimų vadybininkas Vilniuje;UAB „TELE2“;Vilnius;1200-4900
Stalius (langų stiklinimas);ARLANGA wood, UAB;Vilnius;1130-1500
Verslo skyriaus vyr. specialistas (-ė);UAB „ALISA MANAGEMENT LABORATORY“;Alytus;1700-3000
EKSPEDICIJOS VADYBININKAS;UAB „Truktransa“;Kaunas;1200-5000
PARDAVIMŲ APSKAITOS SKYRIAUS VADOVAS (-Ė);BIOVELA GROUP;Utena;2000-3000
JAUNESNYSIS (-IOJI) ŠVIEŽIOS MĖSOS TECHNOLOGAS (-Ė);BIOVELA GROUP;Utena;1400-1800
Autoelektrikas;UAB „AutoRC“;Šiauliai;From 800
Tapk anglų kalbos mokytoja (-as)! Patirtis nebūtina | English Language Teacher;UAB „Intellectus kalbų centras“;Vilnius;16-21
Naujų automobilių pardavimo vadybininkas (-ė);UAB „IVUANA“;Kaunas;1000-3000
TEISININKAS (-Ė);UAB „BnP Finance“;Vilnius;2000-3000
Vyresnysis teisininkas (-ė);ADB „Gjensidige“;Vilnius;2051-3077
Automobilių plovėjas;UAB „Autojuta“;Vilnius;1300-2600
Operatorius (-ė) - surinkėjas (-a);AQ Wiring Systems UAB;Panevėžys;1072-1900
Informacinių technologijų ir ryšių saugumo specialistas (-ė);Lietuvos Respublikos ryšių reguliavimo tarnyba;Vilnius;2500-2850
MONTUOTOJAS (-A) - SUVIRINTOJAS (-A);INHUS;Vilnius;1500-1900
Customer Success Specialist;UAB „ESTO“;Vilnius;1500-1800
Registratorė (-ius) medicinos klinikoje Vilniuje;NORTHWAY ĮMONIŲ GRUPĖ;Vilnius;1898
Tapk anglų kalbos mokytoja (-as)! Patirtis nebūtina | English Language Teacher;UAB „Intellectus kalbų centras“;Kaunas;16-21
Privačių namų tvarkytojas (-a) Švedijoje;UAB „Personalas“;Sweden;1900-2200
Tapk anglų kalbos mokytoja (-as)! Patirtis nebūtina | English Language Teacher;UAB „Intellectus kalbų centras“;Klaipėda;16-21
Teisininkas/-ė;UAB „Tyrens Lietuva“;Kaunas;3300-4000
Projektų vadovas (-ė);UAB „Omberg group“;Vilnius;5000-7000
Atliekų tvarkymo specialistas-kontrolierius;UAB „Panevėžio regiono atliekų tvarkymo centras“;Biržai;1671-1839
Apsaugos darbuotojas reagavimo ekipažai dirba po du;UAB „JUNGTIS“;Kaunas;1050-1350
Buhalterė (-is);UAB „Biržų duona“;Biržai;1400
Projektų vadovas (-ė);UAB „Betono mozaika“;Kaunas;2420-2720
AUTOMATIKOS ĮRENGIMŲ DERINTOJAS;AB „Panevėžio stiklas“;Panevėžys;1100-1700
Jaunesnysis IT konsultantas (-ė);UAB „RASO“;Vilnius;From 1160
Statybos projekto vadovas;UAB „Baltijos pašvaistė“;Kaunas;3200-4600
Fasavimo linijų operatorius (-ė);IKI Lietuva, UAB;Panevėžys;1100-1870
Saulės elektrinių montuotojas (-a);Energroup, UAB;Vilnius;1800-3000
„Outlet Space“ pardavėjai - konsultantai (0,5 – 0,75 et.) PC „Vilnius Outlet“, (PILAITĖ);„Aprangos“ grupė;Vilnius;600-1130
PAMAINOS VYRESNYSIS (-IOJI) (DARBAS SANDĖLYJE);Sanitex įmonių grupė;Kaunas;1200-1500
Marketingo ir e-komercijos specialistas (-ė);Rx vaistinė, UAB;Kaunas;N/A
Stogų plovėjas Švedijoje;UAB „Personalas“;Sweden;2000-2500
Pardavėjas (-a) - barista, Vilnius (Vilnius Outlet);UAB „Biržų duona“;Vilnius;900-1050
Siūlome darbą sushi meistrams MANAMI restorane!;Amber Food grupė;Šiauliai;6
Įrengimų operatorius (apmokome);UAB „Vilkritis“;Vilnius;From 1150
Technikas (-ė) - mechanikas (-ė);UAB „KB Components“;Kaunas;From 1000
Pastatų apšiltintojas;UAB „Termoputa“;Šiauliai;800-1300
Procurement Manager (Photonics/ Laser optics);UAB „ALTECHNA“;Vilnius;1800-2800
PARDAVĖJA (-AS) - KONSULTANTĖ (-AS) PC Panorama 0,75 etatu;AUDIMAS įmonių grupė;Vilnius;825-1200
Transporto vadybininkas (-ė);UAB „Finėjas“;Vilnius;From 1600
Data Governance and Architecture Lead;UAB „DPD Lietuva“;Vilnius;5000-7000
Projektų vadovė (-as) (Turto realizavimas);LTG;Vilnius;2785-4175
Studijų krypčių mokslo vadovas;Šv. Ignaco Lojolos Kolegija;Kaunas;1500
Customer Integration and Data Management Specialist;„Cencora“;Vilnius;2485-3550
VEISLYNO KOORDINATORIUS (-Ė);KIKA LT, UAB;Kaunas;1500-1900
Dažymo linijos operatorius;UAB „Koloro“;Vilnius;From 1400
Didmenos skyriaus asistentas/-ė;UAB „KONFESTA“;Vilnius;2069-2455
Turistinio autobuso vairuotojas;UAB „Meteorit Turas“;Vilnius;2000-2500
Klientų aptarnavimo specialistas (-ė) Panevėžio r., Krekenavoje;UAB „Viada LT“;Krekenava;1200-1400
Infrastruktūros inžinierė (-ius) (techninė dokumentacija ir atitiktis);LTG;Vilnius;2330-3500
Klientų aptarnavimo skyriaus specialistas;UAB „Edukacija“;Kaunas;1500-1800
Vairuotojų apskaitos vadybininkė (as);UAB „Vestex transport“;Kaunas;From 1100
Technikos vadybininkas (-ė);UAB „Vestex transport“;Kaunas;From 1200
Svarbių klientų vadybininkas (-ė) (Key Account Manager);ŽŪB „Nematekas“;Kaišiadorys;1600-2000
Klientų konsultavimo komandos vadovas (-ė);AB Vilniaus šilumos tinklai;Vilnius;3200-4700
Asistentas dažymo linijoje;UAB „Koloro“;Vilnius;From 1200
Stalius;UAB „Įdarbinimo tarpininkavimo centras“;Kaunas;From 1700
Pardavimų Vadybininkas (-ė);UAB „NP grupė“;Vilnius;1400-3200
Elektrikas (-ė) PRANCŪZŲ KALBA;UAB „RNDV Group“;France;15-18
Marketingo vadybininko asistentas (-ė);UAB „Alteus“;Vilnius;1600-2400
Prekių atrinkėjas (-a) - krovėjas (-a);UAB „Signeda“;Kaunas;1402-2095
Prekių atrinkėjas (-a) - krovėjas (-a) slenkančiu grafiku;UAB „Signeda“;Kaunas;1501-2367
Restobaro administratorė;UAB „Gaisrinė“;Klaipėda;5.50-7
Kasininkas (-ė) - pardavėjas (-a),STOTIES G. 1,UKMERGĖ 0,5 ET.;IKI Lietuva, UAB;Ukmergė;525-582
Gamybos administratoriaus asistentas;UAB „IF Concept“;Panevėžys;From 1000
Kasininkas (-ė) - pardavėjas (-a), NEMUNO G. 70-16, PANEVĖŽYS;IKI Lietuva, UAB;Panevėžys;1050-1165
Krautuvo vairuotojas (-a) Vokietijoje! Išvyk greitai ir gauk 150 Eur premiją!;UAB „Headex“;Germany;1900-2000
Pamainos vadovas (-ė), NEMUNO G. 70-16, PANEVĖŽYS;IKI Lietuva, UAB;Panevėžys;1100-1240
Kokybės vadybininkas;UAB „Kitokia diena“;Klaipėda;1400-2000
PARDAVIMŲ INŽINIERIUS;PART OF UMEGA GROUP;Ukmergė;From 2100
Inžinierius projektuotojas (PV Design Engineer);UAB „Detra Solar“;Vilnius;From 2400
GAMYBOS PARUOŠIMO INŽINIERIUS;PART OF UMEGA GROUP;Ukmergė;From 2000
PARDAVĖJA (-AS) - KONSULTANTĖ (-AS) (KAUNAS, AKROPOLIS);UAB „Fliis Trade“;Kaunas;1100-2100
Kasininkas (-ė) - pardavėjas (-a), CHEMIKŲ G. 1-1, JONAVA;IKI Lietuva, UAB;Jonava;1050-1165
Elektrikas - Inžinierius - Mechanikas;UAB „Vilniaus skalbykla“;Vilnius;1500-2500
Sandėlininkas - prekių atrinkėjas Vilniuje;AB „ŽEMAITIJOS PIENAS“;Vilnius;1300
Pardavimų vadybininkas (-ė);UAB „ALWARK“;Vilnius;1500-3000
Aukštalipis (-ė);UAB „Alpinus LT“;Kaunas;1750-2900
Kūrybos dizaineris (-ė);AB „ŽEMAITIJOS PIENAS“;Šiauliai;3300-3700
Kūrybos dizaineris (-ė);AB „ŽEMAITIJOS PIENAS“;Klaipėda;3300-3700
Gamybos meistras (-ė);UAB „Medienos era“;Kaunas;From 2300
Kasininkė (-as);UAB „VSGA“;Klaipėda;1250-1400
Pardavimo vadybininkas (-ė) telefonu pozicija;CITY SERVICE įmonių grupė;Šiauliai;1225-1800
PARDAVIMŲ VADYBININKAS (-Ė);UAB „Vlantana“;Vilnius;2500-3500
PARDAVIMŲ VADYBININKAS (-Ė) (ACCOUNT MANAGER);BIOVELA GROUP;Vilnius;2455-2976
Marketingo vadybininkė (-as);UAB „Vidara“;Marijampolė;1000
Padavėja (-as) - pardavėja (-as);UAB „Avetus“;Vilnius;900
Išmaniųjų technologijų ekspertas Kaune;UAB „TELE2“;Kaunas;1200-4000
Verslo klientų vadybininkas Kaune (klientų pritraukimas);UAB „TELE2“;Kaunas;1850-3000
Verslo klientų vadybininkas Vilniuje (klientų pritraukimas);UAB „TELE2“;Vilnius;1850-3000
Pardavimų vadybininkas Šilalėje;UAB „TELE2“;Šilalė;1200-4900
Apsaugos darbuotojas (-a) statybos objekte;UAB „Ekskomisarų biuras“;Vilnius;1100-1300
Apsaugos darbuotojas (-a) statybos objekte;UAB „Ekskomisarų biuras“;Vilnius;1100-1300
Kebabų ruošėja (-as);UAB „Vydris“;Marijampolė;900-1300
Telemarketingo pardavimų vadybininkas Kaune;UAB „TELE2“;Kaunas;1300-2500
Head of Product Development;UAB „Medicinos linija“;Šiauliai;3300-4500
Pardavimų komandos vadovas Vilniuje;UAB „TELE2“;Vilnius;2100-4000
Pardavimų vadybininkas Vilniuje;UAB „TELE2“;Vilnius;1200-4900
Stalius (langų stiklinimas);ARLANGA wood, UAB;Vilnius;1130-1500
Verslo skyriaus vyr. specialistas (-ė);UAB „ALISA MANAGEMENT LABORATORY“;Alytus;1700-3000
EKSPEDICIJOS VADYBININKAS;UAB „Truktransa“;Kaunas;1200-5000
PARDAVIMŲ APSKAITOS SKYRIAUS VADOVAS (-Ė);BIOVELA GROUP;Utena;2000-3000
JAUNESNYSIS (-IOJI) ŠVIEŽIOS MĖSOS TECHNOLOGAS (-Ė);BIOVELA GROUP;Utena;1400-1800
Autoelektrikas;UAB „AutoRC“;Šiauliai;From 800
Tapk anglų kalbos mokytoja (-as)! Patirtis nebūtina | English Language Teacher;UAB „Intellectus kalbų centras“;Vilnius;16-21
Naujų automobilių pardavimo vadybininkas (-ė);UAB „IVUANA“;Kaunas;1000-3000
TEISININKAS (-Ė);UAB „BnP Finance“;Vilnius;2000-3000
Vyresnysis teisininkas (-ė);ADB „Gjensidige“;Vilnius;2051-3077
Automobilių plovėjas;UAB „Autojuta“;Vilnius;1300-2600
Operatorius (-ė) - surinkėjas (-a);AQ Wiring Systems UAB;Panevėžys;1072-1900
Informacinių technologijų ir ryšių saugumo specialistas (-ė);Lietuvos Respublikos ryšių reguliavimo tarnyba;Vilnius;2500-2850
MONTUOTOJAS (-A) - SUVIRINTOJAS (-A);INHUS;Vilnius;1500-1900
Customer Success Specialist;UAB „ESTO“;Vilnius;1500-1800
Registratorė (-ius) medicinos klinikoje Vilniuje;NORTHWAY ĮMONIŲ GRUPĖ;Vilnius;1898
Tapk anglų kalbos mokytoja (-as)! Patirtis nebūtina | English Language Teacher;UAB „Intellectus kalbų centras“;Kaunas;16-21
Privačių namų tvarkytojas (-a) Švedijoje;UAB „Personalas“;Sweden;1900-2200
Tapk anglų kalbos mokytoja (-as)! Patirtis nebūtina | English Language Teacher;UAB „Intellectus kalbų centras“;Klaipėda;16-21
Teisininkas/-ė;UAB „Tyrens Lietuva“;Kaunas;3300-4000
Projektų vadovas (-ė);UAB „Omberg group“;Vilnius;5000-7000
Atliekų tvarkymo specialistas-kontrolierius;UAB „Panevėžio regiono atliekų tvarkymo centras“;Biržai;1671-1839
Apsaugos darbuotojas reagavimo ekipažai dirba po du;UAB „JUNGTIS“;Kaunas;1050-1350
Buhalterė (-is);UAB „Biržų duona“;Biržai;1400
Projektų vadovas (-ė);UAB „Betono mozaika“;Kaunas;2420-2720
AUTOMATIKOS ĮRENGIMŲ DERINTOJAS;AB „Panevėžio stiklas“;Panevėžys;1100-1700
Jaunesnysis IT konsultantas (-ė);UAB „RASO“;Vilnius;From 1160
Statybos projekto vadovas;UAB „Baltijos pašvaistė“;Kaunas;3200-4600
Fasavimo linijų operatorius (-ė);IKI Lietuva, UAB;Panevėžys;1100-1870
Saulės elektrinių montuotojas (-a);Energroup, UAB;Vilnius;1800-3000
„Outlet Space“ pardavėjai - konsultantai (0,5 – 0,75 et.) PC „Vilnius Outlet“, (PILAITĖ);„Aprangos“ grupė;Vilnius;600-1130
PAMAINOS VYRESNYSIS (-IOJI) (DARBAS SANDĖLYJE);Sanitex įmonių grupė;Kaunas;1200-1500
Marketingo ir e-komercijos specialistas (-ė);Rx vaistinė, UAB;Kaunas;N/A
Stogų plovėjas Švedijoje;UAB „Personalas“;Sweden;2000-2500
Pardavėjas (-a) - barista, Vilnius (Vilnius Outlet);UAB „Biržų duona“;Vilnius;900-1050
Siūlome darbą sushi meistrams MANAMI restorane!;Amber Food grupė;Šiauliai;6
Įrengimų operatorius (apmokome);UAB „Vilkritis“;Vilnius;From 1150
Technikas (-ė) - mechanikas (-ė);UAB „KB Components“;Kaunas;From 1000
Pastatų apšiltintojas;UAB „Termoputa“;Šiauliai;800-1300
Procurement Manager (Photonics/ Laser optics);UAB „ALTECHNA“;Vilnius;1800-2800
PARDAVĖJA (-AS) - KONSULTANTĖ (-AS) PC Panorama 0,75 etatu;AUDIMAS įmonių grupė;Vilnius;825-1200
Transporto vadybininkas (-ė);UAB „Finėjas“;Vilnius;From 1600
Data Governance and Architecture Lead;UAB „DPD Lietuva“;Vilnius;5000-7000
Projektų vadovė (-as) (Turto realizavimas);LTG;Vilnius;2785-4175
Studijų krypčių mokslo vadovas;Šv. Ignaco Lojolos Kolegija;Kaunas;1500
Customer Integration and Data Management Specialist;„Cencora“;Vilnius;2485-3550
VEISLYNO KOORDINATORIUS (-Ė);KIKA LT, UAB;Kaunas;1500-1900
Dažymo linijos operatorius;UAB „Koloro“;Vilnius;From 1400
Didmenos skyriaus asistentas/-ė;UAB „KONFESTA“;Vilnius;2069-2455
Turistinio autobuso vairuotojas;UAB „Meteorit Turas“;Vilnius;2000-2500
Klientų aptarnavimo specialistas (-ė) Panevėžio r., Krekenavoje;UAB „Viada LT“;Krekenava;1200-1400
Infrastruktūros inžinierė (-ius) (techninė dokumentacija ir atitiktis);LTG;Vilnius;2330-3500
Klientų aptarnavimo skyriaus specialistas;UAB „Edukacija“;Kaunas;1500-1800
Vairuotojų apskaitos vadybininkė (as);UAB „Vestex transport“;Kaunas;From 1100
Technikos vadybininkas (-ė);UAB „Vestex transport“;Kaunas;From 1200
Svarbių klientų vadybininkas (-ė) (Key Account Manager);ŽŪB „Nematekas“;Kaišiadorys;1600-2000
Klientų konsultavimo komandos vadovas (-ė);AB Vilniaus šilumos tinklai;Vilnius;3200-4700
Asistentas dažymo linijoje;UAB „Koloro“;Vilnius;From 1200
Stalius;UAB „Įdarbinimo tarpininkavimo centras“;Kaunas;From 1700
Pardavimų Vadybininkas (-ė);UAB „NP grupė“;Vilnius;1400-3200
Elektrikas (-ė) PRANCŪZŲ KALBA;UAB „RNDV Group“;France;15-18
Marketingo vadybininko asistentas (-ė);UAB „Alteus“;Vilnius;1600-2400
Prekių atrinkėjas (-a) - krovėjas (-a);UAB „Signeda“;Kaunas;1402-2095
Prekių atrinkėjas (-a) - krovėjas (-a) slenkančiu grafiku;UAB „Signeda“;Kaunas;1501-2367
Restobaro administratorė;UAB „Gaisrinė“;Klaipėda;5.50-7
Kasininkas (-ė) - pardavėjas (-a),STOTIES G. 1,UKMERGĖ 0,5 ET.;IKI Lietuva, UAB;Ukmergė;525-582
Gamybos administratoriaus asistentas;UAB „IF Concept“;Panevėžys;From 1000
Kasininkas (-ė) - pardavėjas (-a), NEMUNO G. 70-16, PANEVĖŽYS;IKI Lietuva, UAB;Panevėžys;1050-1165
Krautuvo vairuotojas (-a) Vokietijoje! Išvyk greitai ir gauk 150 Eur premiją!;UAB „Headex“;Germany;1900-2000
Pamainos vadovas (-ė), NEMUNO G. 70-16, PANEVĖŽYS;IKI Lietuva, UAB;Panevėžys;1100-1240
Kokybės vadybininkas;UAB „Kitokia diena“;Klaipėda;1400-2000
PARDAVIMŲ INŽINIERIUS;PART OF UMEGA GROUP;Ukmergė;From 2100
Inžinierius projektuotojas (PV Design Engineer);UAB „Detra Solar“;Vilnius;From 2400
GAMYBOS PARUOŠIMO INŽINIERIUS;PART OF UMEGA GROUP;Ukmergė;From 2000
PARDAVĖJA (-AS) - KONSULTANTĖ (-AS) (KAUNAS, AKROPOLIS);UAB „Fliis Trade“;Kaunas;1100-2100
Kasininkas (-ė) - pardavėjas (-a), CHEMIKŲ G. 1-1, JONAVA;IKI Lietuva, UAB;Jonava;1050-1165
Elektrikas - Inžinierius - Mechanikas;UAB „Vilniaus skalbykla“;Vilnius;1500-2500
Sandėlininkas - prekių atrinkėjas Vilniuje;AB „ŽEMAITIJOS PIENAS“;Vilnius;1300
Pardavimų vadybininkas (-ė);UAB „ALWARK“;Vilnius;1500-3000
Aukštalipis (-ė);UAB „Alpinus LT“;Kaunas;1750-2900
Kūrybos dizaineris (-ė);AB „ŽEMAITIJOS PIENAS“;Šiauliai;3300-3700
Kūrybos dizaineris (-ė);AB „ŽEMAITIJOS PIENAS“;Klaipėda;3300-3700
Gamybos meistras (-ė);UAB „Medienos era“;Kaunas;From 2300
Kasininkė (-as);UAB „VSGA“;Klaipėda;1250-1400
Pardavimo vadybininkas (-ė) telefonu pozicija;CITY SERVICE įmonių grupė;Šiauliai;1225-1800
PARDAVIMŲ VADYBININKAS (-Ė);UAB „Vlantana“;Vilnius;2500-3500
PARDAVIMŲ VADYBININKAS (-Ė) (ACCOUNT MANAGER);BIOVELA GROUP;Vilnius;2455-2976
Marketingo vadybininkė (-as);UAB „Vidara“;Marijampolė;1000
Padavėja (-as) - pardavėja (-as);UAB „Avetus“;Vilnius;900
Išmaniųjų technologijų ekspertas Kaune;UAB „TELE2“;Kaunas;1200-4000
Verslo klientų vadybininkas Kaune (klientų pritraukimas);UAB „TELE2“;Kaunas;1850-3000
Verslo klientų vadybininkas Vilniuje (klientų pritraukimas);UAB „TELE2“;Vilnius;1850-3000
Pardavimų vadybininkas Šilalėje;UAB „TELE2“;Šilalė;1200-4900
Apsaugos darbuotojas (-a) statybos objekte;UAB „Ekskomisarų biuras“;Vilnius;1100-1300
Apsaugos darbuotojas (-a) statybos objekte;UAB „Ekskomisarų biuras“;Vilnius;1100-1300
Apsaugos darbuotojas (-a) statybos objekte;UAB „Ekskomisarų biuras“;Vilnius;1100-1300
Kebabų ruošėja (-as);UAB „Vydris“;Marijampolė;900-1300
Telemarketingo pardavimų vadybininkas Kaune;UAB „TELE2“;Kaunas;1300-2500
Head of Product Development;UAB „Medicinos linija“;Šiauliai;3300-4500
Pardavimų komandos vadovas Vilniuje;UAB „TELE2“;Vilnius;2100-4000
Pardavimų vadybininkas Vilniuje;UAB „TELE2“;Vilnius;1200-4900
Stalius (langų stiklinimas);ARLANGA wood, UAB;Vilnius;1130-1500
Verslo skyriaus vyr. specialistas (-ė);UAB „ALISA MANAGEMENT LABORATORY“;Alytus;1700-3000
EKSPEDICIJOS VADYBININKAS;UAB „Truktransa“;Kaunas;1200-5000
PARDAVIMŲ APSKAITOS SKYRIAUS VADOVAS (-Ė);BIOVELA GROUP;Utena;2000-3000
JAUNESNYSIS (-IOJI) ŠVIEŽIOS MĖSOS TECHNOLOGAS (-Ė);BIOVELA GROUP;Utena;1400-1800
Autoelektrikas;UAB „AutoRC“;Šiauliai;From 800
Tapk anglų kalbos mokytoja (-as)! Patirtis nebūtina | English Language Teacher;UAB „Intellectus kalbų centras“;Vilnius;16-21
Naujų automobilių pardavimo vadybininkas (-ė);UAB „IVUANA“;Kaunas;1000-3000
TEISININKAS (-Ė);UAB „BnP Finance“;Vilnius;2000-3000
Vyresnysis teisininkas (-ė);ADB „Gjensidige“;Vilnius;2051-3077
Automobilių plovėjas;UAB „Autojuta“;Vilnius;1300-2600
Operatorius (-ė) - surinkėjas (-a);AQ Wiring Systems UAB;Panevėžys;1072-1900
Informacinių technologijų ir ryšių saugumo specialistas (-ė);Lietuvos Respublikos ryšių reguliavimo tarnyba;Vilnius;2500-2850
MONTUOTOJAS (-A) - SUVIRINTOJAS (-A);INHUS;Vilnius;1500-1900
Customer Success Specialist;UAB „ESTO“;Vilnius;1500-1800
Registratorė (-ius) medicinos klinikoje Vilniuje;NORTHWAY ĮMONIŲ GRUPĖ;Vilnius;1898
Tapk anglų kalbos mokytoja (-as)! Patirtis nebūtina | English Language Teacher;UAB „Intellectus kalbų centras“;Kaunas;16-21
Privačių namų tvarkytojas (-a) Švedijoje;UAB „Personalas“;Sweden;1900-2200
Tapk anglų kalbos mokytoja (-as)! Patirtis nebūtina | English Language Teacher;UAB „Intellectus kalbų centras“;Klaipėda;16-21
Teisininkas/-ė;UAB „Tyrens Lietuva“;Kaunas;3300-4000
Projektų vadovas (-ė);UAB „Omberg group“;Vilnius;5000-7000
Atliekų tvarkymo specialistas-kontrolierius;UAB „Panevėžio regiono atliekų tvarkymo centras“;Biržai;1671-1839
Apsaugos darbuotojas reagavimo ekipažai dirba po du;UAB „JUNGTIS“;Kaunas;1050-1350
Buhalterė (-is);UAB „Biržų duona“;Biržai;1400
Projektų vadovas (-ė);UAB „Betono mozaika“;Kaunas;2420-2720
AUTOMATIKOS ĮRENGIMŲ DERINTOJAS;AB „Panevėžio stiklas“;Panevėžys;1100-1700
Jaunesnysis IT konsultantas (-ė);UAB „RASO“;Vilnius;From 1160
Statybos projekto vadovas;UAB „Baltijos pašvaistė“;Kaunas;3200-4600
Fasavimo linijų operatorius (-ė);IKI Lietuva, UAB;Panevėžys;1100-1870
Saulės elektrinių montuotojas (-a);Energroup, UAB;Vilnius;1800-3000
„Outlet Space“ pardavėjai - konsultantai (0,5 – 0,75 et.) PC „Vilnius Outlet“, (PILAITĖ);„Aprangos“ grupė;Vilnius;600-1130
PAMAINOS VYRESNYSIS (-IOJI) (DARBAS SANDĖLYJE);Sanitex įmonių grupė;Kaunas;1200-1500
Marketingo ir e-komercijos specialistas (-ė);Rx vaistinė, UAB;Kaunas;N/A
Stogų plovėjas Švedijoje;UAB „Personalas“;Sweden;2000-2500
Pardavėjas (-a) - barista, Vilnius (Vilnius Outlet);UAB „Biržų duona“;Vilnius;900-1050
Siūlome darbą sushi meistrams MANAMI restorane!;Amber Food grupė;Šiauliai;6
Įrengimų operatorius (apmokome);UAB „Vilkritis“;Vilnius;From 1150
Technikas (-ė) - mechanikas (-ė);UAB „KB Components“;Kaunas;From 1000
Pastatų apšiltintojas;UAB „Termoputa“;Šiauliai;800-1300
Procurement Manager (Photonics/ Laser optics);UAB „ALTECHNA“;Vilnius;1800-2800
PARDAVĖJA (-AS) - KONSULTANTĖ (-AS) PC Panorama 0,75 etatu;AUDIMAS įmonių grupė;Vilnius;825-1200
Transporto vadybininkas (-ė);UAB „Finėjas“;Vilnius;From 1600
Data Governance and Architecture Lead;UAB „DPD Lietuva“;Vilnius;5000-7000
