Title,Company,Location,Salary,Seniority,min_salary,max_salary,avg_salary,salary_range,job_category,seniority
Senior / Lead DevOps,"Planner5D, UAB",Vilnius,€ 5000 – 7500,Senior,5000.0,7500.0,6250.0,2500.0,DevOps,Senior
AI Engineer,"Emplonet, UAB",Kaunas,€ 5800 – 7500,Unspecified,5800.0,7500.0,6650.0,1700.0,Data Scientist,Not Specified
Java Developer for Business to Government Unit,"Baltic Amadeus, UAB",Vilnius,€ 2600 – 4500,Unspecified,2600.0,4500.0,3550.0,1900.0,Java Developer,Not Specified
Salesforce Developer,"Emplonet, UAB",Vilnius,€ 3500 – 4500,Unspecified,3500.0,4500.0,4000.0,1000.0,Software Developer,Not Specified
Senior Data Analyst,Avion Express,Vilnius / Remote,€ 3636 – 4462,Senior,3636.0,4462.0,4049.0,826.0,Data Analyst,Senior
Full-stack (.NET/Angular) Developer for Visma Business NXT team,"Visma Tech, UAB",Vilnius / Remote,€ 3600 – 5000,Unspecified,3600.0,5000.0,4300.0,1400.0,.NET Developer,Not Specified
Data Engineer for Impairment and Stress Test Analytics,Danske Bank Lithuania,Vilnius,€ 3440 – 5160,Unspecified,3440.0,5160.0,4300.0,1720.0,Data Engineer,Not Specified
IT SISTEMŲ PLĖTROS VADOVĖ (-AS),Ignitis Group,Vilnius,€ 3066 – 4599,Unspecified,3066.0,4599.0,3832.5,1533.0,Other,Not Specified
Senior Data Engineer for Credit Data Solutions Squad,Danske Bank Lithuania,Vilnius,€ 4560 – 6840,Senior,4560.0,6840.0,5700.0,2280.0,Data Engineer,Senior
Analitikė (-as) (Strateginio planavimo ir ekonomikos skyrius),"Valstybinių miškų urėdija, VĮ",Vilnius,€ 2470 – 3211,Unspecified,2470.0,3211.0,2840.5,741.0,Other,Not Specified
IT administratorius (-ė),"Laisvas ir nepriklausomas kanalas, UAB",Vilnius,€ 2200 – 2700,Unspecified,2200.0,2700.0,2450.0,500.0,IT Support,Not Specified
SAP Financial accounting/Controlling functional analyst,Accenture,Vilnius,€ 3800 – 5200,Unspecified,3800.0,5200.0,4500.0,1400.0,Other,Not Specified
SAP EWM Functional analyst,Accenture,Vilnius,€ 3800 – 5200,Unspecified,3800.0,5200.0,4500.0,1400.0,Other,Not Specified
Back-End Software developer (Java),"Emplonet, UAB",Kaunas,€ 4600 – 5500,Unspecified,4600.0,5500.0,5050.0,900.0,Back-end developer,Not Specified
Head of Marketing And Communications,Indigroup,Vilnius,€ 4500 – 5000,Senior,4500.0,5000.0,4750.0,500.0,Other,Senior
IT system architect (Oracle),"Emplonet, UAB",Vilnius,€ 5000 – 5700,Unspecified,5000.0,5700.0,5350.0,700.0,Database Admin,Not Specified
Senior backend Oracle PL/SQL developer,"Emplonet, UAB",Vilnius,€ 3800 – 5200,Senior,3800.0,5200.0,4500.0,1400.0,Back-end developer,Senior
IT Platform Engineer for MLOps (Machine Learning) Area,Danske Bank Lithuania,Vilnius,€ 3280 – 4920,Unspecified,3280.0,4920.0,4100.0,1640.0,Data Scientist,Not Specified
"Mid to Senior UX Designer | SEB, Vilnius",SEB,Vilnius,€ 3000 – 5450,Senior,3000.0,5450.0,4225.0,2450.0,Other,Mid
Senior Java developer,"Emplonet, UAB",Vilnius,€ 3800 – 5200,Senior,3800.0,5200.0,4500.0,1400.0,Java Developer,Senior
IT system architect (Java),"Emplonet, UAB",Vilnius,€ 5000 – 5700,Unspecified,5000.0,5700.0,5350.0,700.0,Java Developer,Not Specified
Dynamics 365 Business Central programuotojas (-a),Digmatix,Vilnius / Remote,€ 2200 – 5500,Unspecified,2200.0,5500.0,3850.0,3300.0,Software Developer,Not Specified
SAP ABAP developer,Accenture,Vilnius / Remote,€ 3175 – 5400,Unspecified,3175.0,5400.0,4287.5,2225.0,Software Developer,Not Specified
SAP Integration Architect,Accenture,Vilnius / Remote,€ 3175 – 5400,Unspecified,3175.0,5400.0,4287.5,2225.0,Other,Not Specified
.NET Developer for Idella team,"Visma Tech, UAB",Vilnius / Remote,€ 2800 – 5500,Unspecified,2800.0,5500.0,4150.0,2700.0,.NET Developer,Not Specified
Informacinių sistemų administratorius (-ė),Lietuvos sveikatos mokslų universiteto ligoninė Kauno klinikos,Kaunas,€ 1600 – 2400,Unspecified,1600.0,2400.0,2000.0,800.0,IT Support,Not Specified
Informacinių sistemų analitikas (-ė),Lietuvos sveikatos mokslų universiteto ligoninė Kauno klinikos,Kaunas,€ 1900 – 3500,Unspecified,1900.0,3500.0,2700.0,1600.0,Data Analyst,Not Specified
Test Automation Engineer (C++),"Quadigi, UAB",Vilnius,€ 2500 – 5000,Unspecified,2500.0,5000.0,3750.0,2500.0,Embedded Developer,Not Specified
Test Automation Engineer (Python),"Quadigi, UAB",Vilnius,€ 2300 – 5000,Unspecified,2300.0,5000.0,3650.0,2700.0,Python,Not Specified
Ruby on Rails Developer,"1stopVAT, UAB",Vilnius / Remote,€ 5000 – 7000,Unspecified,5000.0,7000.0,6000.0,2000.0,Back-end developer,Not Specified
JAVA programuotojas (-a),"Lietuvos paštas, AB",Vilnius / Remote,€ 4500 – 4950,Unspecified,4500.0,4950.0,4725.0,450.0,Java Developer,Not Specified
Manual Quality Assurance Engineer,"People Link, UAB",Kaunas,€ 2000 – 4000,Unspecified,2000.0,4000.0,3000.0,2000.0,QA Engineer,Not Specified
Automated Quality Assurance Engineer,"People Link, UAB",Kaunas,€ 2500 – 5000,Unspecified,2500.0,5000.0,3750.0,2500.0,QA Engineer,Not Specified
Senior Salesforce Developer,Accenture,Vilnius,€ 3600 – 5500,Senior,3600.0,5500.0,4550.0,1900.0,Software Developer,Senior
IT analitikas (-ė),"Vilniaus šilumos tinklai, AB",Lithuania,€ 2300 – 3445,Unspecified,2300.0,3445.0,2872.5,1145.0,Data Analyst,Not Specified
MS Dynamics NAV/ Business Central Developer,"EUROAPOTHECA, UAB",Vilnius,€ 3000 – 4200,Unspecified,3000.0,4200.0,3600.0,1200.0,Software Developer,Not Specified
IOS Developer,abz.agency®,Vilnius,€ 8.5 – 14/h,Unspecified,1360.0,2240.0,1800.0,5.5,Mobile Developer,Not Specified
"Front-end developer (React, Vue)",abz.agency®,Vilnius,€ 5 – 8.8/h,Unspecified,800.0,1408.0,1104.0,3.8000000000000007,Front-end Web developer,Not Specified
Ieškome IT analitiko (-ės) Vilniuje,Valstybinio socialinio draudimo fondo valdyba prie Socialines apsaugos ir darbo ministerijos,Vilnius / Remote,€ 2000 – 3000,Unspecified,2000.0,3000.0,2500.0,1000.0,Other,Not Specified
Ieškome testuotojo (-os) Vilniuje,Valstybinio socialinio draudimo fondo valdyba prie Socialines apsaugos ir darbo ministerijos,Vilnius / Remote,€ 1800 – 2700,Unspecified,1800.0,2700.0,2250.0,900.0,QA Engineer,Not Specified
Ieškome Sistemos (produkto) savininko(-ės) Vilniuje,Valstybinio socialinio draudimo fondo valdyba prie Socialines apsaugos ir darbo ministerijos,Vilnius / Remote,€ 2300 – 3500,Unspecified,2300.0,3500.0,2900.0,1200.0,Other,Not Specified
Technical Support Specialist (Azure Cloud),"QDev Technologies, UAB",Vilnius,€ 3100 – 4000,Unspecified,3100.0,4000.0,3550.0,900.0,DevOps,Not Specified
IT TESTUOTOJA (-AS),Ignitis Group,Vilnius / Remote,€ 3121 – 4683,Unspecified,3121.0,4683.0,3902.0,1562.0,QA Engineer,Not Specified
Finansinių rizikų analitikas - modeliuotojas (-a),UAB ILTE,Vilnius,€ 3000 – 3800,Unspecified,3000.0,3800.0,3400.0,800.0,Data Analyst,Not Specified
Vyriausiasis finansinių rizikų analitikas - modeliuotojas (-a),UAB ILTE,Vilnius,€ 4000 – 4800,Unspecified,4000.0,4800.0,4400.0,800.0,Data Analyst,Senior
Unit Manager for the Omnichannel Unit,"Baltic Amadeus, UAB",Vilnius,€ 6000 – 9000,Unspecified,6000.0,9000.0,7500.0,3000.0,Other,Not Specified
Pardavimo vadybininkas (-ė) esamiems ir naujiems klientams (kompiuterinė įranga),Noriu personalo sprendimų grupė,Kaunas,€ 2450 – 4100,Unspecified,2450.0,4100.0,3275.0,1650.0,IT Support,Not Specified
Outperformer - Global Management Program: Finance Track,"HILTI COMPLETE SYSTEMS, UAB",Vilnius / Remote,€ 2700 – 3300,Unspecified,2700.0,3300.0,3000.0,600.0,Other,Not Specified
Service Delivery Manager (IT Network company),"People Link, UAB",Vilnius,€ 3500 – 5000,Unspecified,3500.0,5000.0,4250.0,1500.0,Other,Not Specified
.NET programuotojas,NRD Companies,Vilnius / Remote,€ 4000 – 5400,Unspecified,4000.0,5400.0,4700.0,1400.0,.NET Developer,Not Specified
IT System Analyst,NRD Companies,Vilnius / Remote,€ 3500 – 4700,Unspecified,3500.0,4700.0,4100.0,1200.0,Other,Not Specified
Data Analyst for Risk & Procurement team,"Visma Tech, UAB",Vilnius / Remote,€ 2800 – 5000,Unspecified,2800.0,5000.0,3900.0,2200.0,Data Analyst,Not Specified
Outperformer - Global Management Program: Finance Track,"HILTI COMPLETE SYSTEMS, UAB",Vilnius / Remote,€ 2700 – 3300,Unspecified,2700.0,3300.0,3000.0,600.0,Other,Not Specified
Engineering Leadership Development Program for Graduates,"HILTI COMPLETE SYSTEMS, UAB",Vilnius / Remote,€ 2700 – 3300,Senior,2700.0,3300.0,3000.0,600.0,Other,Junior
Outperformer - Global Management Program: Business Track,"HILTI COMPLETE SYSTEMS, UAB",Vilnius / Remote,€ 2700 – 3300,Unspecified,2700.0,3300.0,3000.0,600.0,Other,Not Specified
Junior Data Management Consultant,EY,Vilnius / Remote,€ 2000 – 2700,Junior,2000.0,2700.0,2350.0,700.0,Data Engineer,Junior
Verslo aplikacijų ekspertė (-as),LTG,Vilnius,€ 2980 – 4470,Unspecified,2980.0,4470.0,3725.0,1490.0,Mobile Developer,Senior
Fullstack Developer,Accenture,Vilnius,€ 2600 – 3425,Unspecified,2600.0,3425.0,3012.5,825.0,Full-stack Developer,Not Specified
IT sprendimų vadovė (-as),"Regitra, AB",Vilnius,€ 2350 – 3000,Unspecified,2350.0,3000.0,2675.0,650.0,Project Manager/Product Owner,Not Specified
Vyr. Duomenų mokslininkas (-ė),"Registrų centras, VĮ",Vilnius / Remote,€ 3520 – 5280,Unspecified,3520.0,5280.0,4400.0,1760.0,Data Scientist,Senior
"Senior Engineer in Internal Identity and Access Management | SEB, Vilnius",SEB,Vilnius,€ 3000 – 4500,Senior,3000.0,4500.0,3750.0,1500.0,Other,Junior
Software Developer,"Nasdaq Vilnius Services, UAB",Vilnius,€ 3700 – 4200,Unspecified,3700.0,4200.0,3950.0,500.0,Software Developer,Not Specified
QA Test Analyst,"Nasdaq Vilnius Services, UAB",Vilnius,€ 3500 – 4000,Unspecified,3500.0,4000.0,3750.0,500.0,QA Engineer,Not Specified
Junior Software Developer,"Nasdaq Vilnius Services, UAB",Vilnius,€ 2500 – 3500,Junior,2500.0,3500.0,3000.0,1000.0,Software Developer,Junior
Klientų aptarnavimo specialistas (-ė),"OPTAS IT, UAB",Kaunas,€ 1500 – 2000,Unspecified,1500.0,2000.0,1750.0,500.0,IT Support,Not Specified
Vyr. Programuotojas (-a),"BnP Finance, UAB",Vilnius,€ 4000 – 5000,Unspecified,4000.0,5000.0,4500.0,1000.0,Software Developer,Senior
Test Automation Lead,Accenture,Vilnius / Remote,€ 3900 – 6815,Senior,3900.0,6815.0,5357.5,2915.0,QA Engineer,Senior
Senior Test Automation Engineer,Accenture,Vilnius / Remote,€ 3175 – 5340,Senior,3175.0,5340.0,4257.5,2165.0,QA Engineer,Senior
.NET Technical Lead,"Baltic Amadeus, UAB",Vilnius / Remote,€ 4600 – 7100,Senior,4600.0,7100.0,5850.0,2500.0,.NET Developer,Senior
QA Engineer (Omni+ Unit),"Baltic Amadeus, UAB",Vilnius / Remote,€ 2200 – 3310,Unspecified,2200.0,3310.0,2755.0,1110.0,QA Engineer,Not Specified
QA Engineer (Junior),"Baltic Amadeus, UAB",Vilnius / Remote,€ 1100 – 2200,Junior,1100.0,2200.0,1650.0,1100.0,QA Engineer,Junior
PHP Developer (Junior),"Baltic Amadeus, UAB",Vilnius / Remote,€ 1100 – 2900,Junior,1100.0,2900.0,2000.0,1800.0,Back-end developer,Junior
PHP Developer,"Baltic Amadeus, UAB",Vilnius / Remote,€ 2600 – 4500,Unspecified,2600.0,4500.0,3550.0,1900.0,Back-end developer,Not Specified
IT Product manager,CV-Online klientas,Kaunas,€ 4000 – 5000,Unspecified,4000.0,5000.0,4500.0,1000.0,Other,Not Specified
Back-End Developer (AI implementation),"Emplonet, UAB",Vilnius,€ 4000 – 6000,Unspecified,4000.0,6000.0,5000.0,2000.0,Back-end developer,Not Specified
Outperformer - Global Management Program: Business Track,"HILTI COMPLETE SYSTEMS, UAB",Vilnius / Remote,€ 2700 – 3300,Unspecified,2700.0,3300.0,3000.0,600.0,Other,Not Specified
Engineering Leadership Development Program for Graduates,"HILTI COMPLETE SYSTEMS, UAB",Vilnius / Remote,€ 2700 – 3300,Senior,2700.0,3300.0,3000.0,600.0,Other,Junior
IS specialistas I Technologijų skyrius,CENTRINĖ PROJEKTŲ VALDYMO AGENTŪRA VŠĮ,Vilnius / Remote,€ 2374 – 2963,Unspecified,2374.0,2963.0,2668.5,589.0,System Administrator/Architect,Not Specified
Technologijų vadovas (-ė) (Microsoft produktams),"Registrų centras, VĮ",Vilnius,€ 3520 – 5280,Unspecified,3520.0,5280.0,4400.0,1760.0,Other,Not Specified
Senior recruiter - Regional coordinator,Digmatix,Vilnius / Remote,€ 3000 – 4000,Senior,3000.0,4000.0,3500.0,1000.0,Other,Senior
IT Business Analyst,"EUROAPOTHECA, UAB",Vilnius,€ 2800 – 3800,Unspecified,2800.0,3800.0,3300.0,1000.0,Business Analyst,Not Specified
Large Language Modelling/Gen AI engineer,Accenture,Vilnius / Remote,€ 2600 – 5050,Unspecified,2600.0,5050.0,3825.0,2450.0,Data Scientist,Not Specified
MLOps engineer,Accenture,Vilnius / Remote,€ 3300 – 5350,Unspecified,3300.0,5350.0,4325.0,2050.0,Data Scientist,Not Specified
System Developer (RPA),Cognizant Lietuva,Vilnius,€ 3500 – 4420,Unspecified,3500.0,4420.0,3960.0,920.0,Software Developer,Not Specified
Duomenų inžinierius (-ė) Duomenų valdymo departamente,"Šiaulių bankas, AB",Vilnius / Remote,€ 3220 – 4830,Unspecified,3220.0,4830.0,4025.0,1610.0,Data Engineer,Not Specified
Vyr. analitikas (-ė),"Inovacijų agentūra, VšĮ",Vilnius / Remote,€ 3200 – 3500,Unspecified,3200.0,3500.0,3350.0,300.0,Data Analyst,Senior
Customer Support Specialist,MB Lumius,Vilnius,€ 1500 – 2200,Unspecified,1500.0,2200.0,1850.0,700.0,IT Support,Not Specified
IT Architektas (-ė),"Kesko Senukai Lithuania, UAB",Kaunas,€ 5000 – 7500,Unspecified,5000.0,7500.0,6250.0,2500.0,Other,Not Specified
IS pagalbos specialistas(-ė),Vilniaus universiteto ligoninės Santaros klinikos,Vilnius,€ 1800 – 2400,Unspecified,1800.0,2400.0,2100.0,600.0,IT Support,Not Specified
Senior Business Development Manager,"Baltic Amadeus, UAB",Vilnius / Remote,€ 3300 – 5000,Senior,3300.0,5000.0,4150.0,1700.0,Other,Senior
Product Owner (Loyalty System),"EUROAPOTHECA, UAB",Vilnius,€ 3000 – 4500,Unspecified,3000.0,4500.0,3750.0,1500.0,Project Manager/Product Owner,Not Specified
Business consultant,"Emplonet, UAB",Vilnius,€ 4958 – 6611,Unspecified,4958.0,6611.0,5784.5,1653.0,Other,Not Specified
Software developer,"Emplonet, UAB",Kaunas,€ 3750 – 5700,Unspecified,3750.0,5700.0,4725.0,1950.0,Software Developer,Not Specified
Quality Assurance Engineer,"Emplonet, UAB",Kaunas,€ 2455 – 3306,Unspecified,2455.0,3306.0,2880.5,851.0,QA Engineer,Not Specified
Produkto vadovas (-ė),"Emplonet, UAB",Kaunas,€ 3800 – 4000,Unspecified,3800.0,4000.0,3900.0,200.0,Project Manager/Product Owner,Not Specified
Produkto vadovas (-ė),"Emplonet, UAB",Vilnius,€ 3800 – 4000,Unspecified,3800.0,4000.0,3900.0,200.0,Project Manager/Product Owner,Not Specified
Vyr. IS administratorius (-ė),"Emplonet, UAB",Vilnius,€ 3300 – 4500,Unspecified,3300.0,4500.0,3900.0,1200.0,IT Support,Senior
IT projektų specialistas(-ė),"Labdata, UAB",Vilnius / Remote,€ 2400 – 3600,Unspecified,2400.0,3600.0,3000.0,1200.0,Project Manager/Product Owner,Not Specified
Fullstack Software Engineer,"Nasdaq Vilnius Services, UAB",Vilnius,€ 3400 – 4500,Unspecified,3400.0,4500.0,3950.0,1100.0,Full-stack Developer,Not Specified
Veiklos analitikas (-ė) (E-varžytynių ir aukcionų portalas),"Registrų centras, VĮ",Vilnius,€ 2175 – 3263,Unspecified,2175.0,3263.0,2719.0,1088.0,Data Analyst,Not Specified
Produkto vadovas (-ė) (E. sveikata),"Registrų centras, VĮ",Vilnius,€ 2628 – 3942,Unspecified,2628.0,3942.0,3285.0,1314.0,Project Manager/Product Owner,Not Specified
"Back-end Developer (PHP, Laravel)",abz.agency®,Vilnius,€ 8.5 – 11.5/h,Unspecified,1360.0,1840.0,1600.0,3.0,Back-end developer,Not Specified
QA engineer,abz.agency®,Vilnius,€ 4 – 6/h,Unspecified,640.0,960.0,800.0,2.0,QA Engineer,Not Specified
"Solution Architect for AI platforms/IT Expert | SEB, Vilnius",SEB,Vilnius,€ 3650 – 5450,Unspecified,3650.0,5450.0,4550.0,1800.0,Other,Senior
IT Project Manager (Omnichannel),"Baltic Amadeus, UAB",Vilnius / Remote,€ 3000 – 5000,Unspecified,3000.0,5000.0,4000.0,2000.0,Project Manager/Product Owner,Not Specified
Marketing Analytics Engineer @Bioma,Kilo Health - UAB Kilo grupė,Vilnius,€ 3800 – 5100,Unspecified,3800.0,5100.0,4450.0,1300.0,Data Analyst,Not Specified
Technical Support Specialist (German),"QDev Technologies, UAB",Vilnius / Remote,€ 2200 – 2700,Unspecified,2200.0,2700.0,2450.0,500.0,IT Support,Not Specified
"Backend Engineer, Devex Platform","Wix.com, UAB",Vilnius,€ 2500 – 4000,Unspecified,2500.0,4000.0,3250.0,1500.0,Back-end developer,Not Specified
DevOps Engineer,"Wix.com, UAB",Vilnius,€ 4500 – 6000,Unspecified,4500.0,6000.0,5250.0,1500.0,DevOps,Not Specified
Experienced Backend Engineer - Wix Blog,"Wix.com, UAB",Vilnius,€ 3500 – 5000,Unspecified,3500.0,5000.0,4250.0,1500.0,Back-end developer,Senior
Komercijos vadybininkas (-ė),"Iremas, UAB",Jonava,€ 1700 – 3000,Unspecified,1700.0,3000.0,2350.0,1300.0,Business Analyst,Not Specified
Senior Backend Engineer – CTO Group,"Wix.com, UAB",Vilnius,€ 5000 – 8000,Senior,5000.0,8000.0,6500.0,3000.0,Back-end developer,Senior
Techninės kontrolės inžinierius (-ė),"Iremas, UAB",Jonava,€ 1600 – 3000,Unspecified,1600.0,3000.0,2300.0,1400.0,Other,Not Specified
IT administratorius (-ė),Lietuvos nacionalinis radijas ir televizija VŠĮ,Vilnius,€ 2200 – 2700,Unspecified,2200.0,2700.0,2450.0,500.0,IT Support,Not Specified
"Applied AI: Senior Software Engineer, AI Engineering","Nasdaq Vilnius Services, UAB",Vilnius,€ 4100 – 4500,Senior,4100.0,4500.0,4300.0,400.0,Data Scientist,Senior
Senior DevOps Engineer,"Nasdaq Vilnius Services, UAB",Vilnius,€ 5000 – 6200,Senior,5000.0,6200.0,5600.0,1200.0,DevOps,Senior
GEN AI Platform: Software Developer Specialist,"Nasdaq Vilnius Services, UAB",Vilnius,€ 4100 – 4500,Unspecified,4100.0,4500.0,4300.0,400.0,Software Developer,Not Specified
Tarptautinių projektų vadybininkas (-ė),"Klaipėdos mokslo ir technologijų parkas, VšĮ",Klaipėda,€ 2000 – 2500,Unspecified,2000.0,2500.0,2250.0,500.0,Business Analyst,Not Specified
"Senior Software Developer in Payments team | SEB, Vilnius",SEB,Vilnius,€ 3650 – 5450,Senior,3650.0,5450.0,4550.0,1800.0,Software Developer,Senior
"Full stack developer seeking new digital challenges | SEB, Vilnius",SEB,Vilnius,€ 2850 – 4250,Unspecified,2850.0,4250.0,3550.0,1400.0,Full-stack Developer,Not Specified
Application Management Support Specialist,"COWI Lietuva, UAB",Vilnius,€ 2600 – 3500,Unspecified,2600.0,3500.0,3050.0,900.0,IT Support,Not Specified
Mid/Senior QA Engineer for Progress OpenEdge Unit,"Baltic Amadeus, UAB",Vilnius / Remote,€ 2500 – 3800,Senior,2500.0,3800.0,3150.0,1300.0,QA Engineer,Mid
Išmaniųjų laikrodžių ir elektronikos aksesuarų grupės vadovas,"TELE2, UAB",Vilnius / Remote,€ 3200 – 3800,Unspecified,3200.0,3800.0,3500.0,600.0,Other,Not Specified
ERP KONSULTANTAS (-Ė) – Galimybė keisti karjeros kryptį!,"People Link, UAB",Kaunas,€ 2600 – 3500,Unspecified,2600.0,3500.0,3050.0,900.0,Other,Not Specified
BI Developer,"Emplonet, UAB",Vilnius,€ 3500 – 5000,Unspecified,3500.0,5000.0,4250.0,1500.0,Software Developer,Not Specified
DI diegimo vadovas (-ė),"Mano būstas, UAB",Vilnius,€ 5500 – 7400,Unspecified,5500.0,7400.0,6450.0,1900.0,Other,Not Specified
BUSINESS IMPROVEMENT PROJECT MANAGER (F/M/D) | IGNITIS RENEWABLES,Ignitis Group,Vilnius,€ 2666 – 3999,Unspecified,2666.0,3999.0,3332.5,1333.0,Project Manager/Product Owner,Not Specified
BIM (statinio informacinio modeliavimo) koordinatorė (-ius),EPSO-G įmonių grupė,Vilnius,€ 3000 – 3700,Unspecified,3000.0,3700.0,3350.0,700.0,Business Analyst,Not Specified
IT inžinierė (-ius),Blue Bridge grupė,Vilnius,€ 1500 – 2000,Unspecified,1500.0,2000.0,1750.0,500.0,Other,Not Specified
Sistemų analitikė (-as),Blue Bridge grupė,Vilnius,€ 2200 – 4400,Unspecified,2200.0,4400.0,3300.0,2200.0,Other,Not Specified
"Mid Full-Stack Developer (Front-end focus – Angular) | SEB, Vilnius",SEB,Vilnius,€ 2850 – 5450,Mid,2850.0,5450.0,4150.0,2600.0,Front-end Web developer,Mid
"Enterprise Area Architect | SEB, Vilnius",SEB,Vilnius,€ 5900 – 8800,Unspecified,5900.0,8800.0,7350.0,2900.0,Other,Not Specified
Back-end Software Developer,"OnTarget Labs, LLC SIA",Latvia,€ 4500 – 6000,Unspecified,4500.0,6000.0,5250.0,1500.0,Back-end developer,Not Specified
Software Developer Lead,"OnTarget Labs, LLC SIA",Latvia,€ 6000 – 8000,Senior,6000.0,8000.0,7000.0,2000.0,Software Developer,Senior
PERFORMANCE DATA ENGINEER (F/M/D) | IGNITIS RENEWABLES,Ignitis Group,Vilnius,€ 2666 – 3999,Unspecified,2666.0,3999.0,3332.5,1333.0,Data Engineer,Not Specified
Vyr. sistemų architektas (-ė),"Registrų centras, VĮ",Vilnius,€ 3520 – 5280,Unspecified,3520.0,5280.0,4400.0,1760.0,System Administrator/Architect,Senior
Software Testing Engineer,"INTERSURGICAL, UAB",Vilnius,€ 2000 – 3200,Unspecified,2000.0,3200.0,2600.0,1200.0,QA Engineer,Not Specified
IT Administratorius (-ė),Digmatix,Vilnius / Remote,€ 2600 – 3600,Unspecified,2600.0,3600.0,3100.0,1000.0,IT Support,Not Specified
Vyr. Programuotojas (-a),"AB ""Kelių priežiūra""",Šiauliai / Remote,€ 3500 – 4500,Unspecified,3500.0,4500.0,4000.0,1000.0,Software Developer,Senior
Vyr. Programuotojas (-a),"AB ""Kelių priežiūra""",Kaunas / Remote,€ 3500 – 4500,Unspecified,3500.0,4500.0,4000.0,1000.0,Software Developer,Senior
Senior JAVA Developer for Pathway team,"Visma Tech, UAB",Vilnius / Remote,€ 3600 – 6300,Senior,3600.0,6300.0,4950.0,2700.0,Java Developer,Senior
Verslo analitikas (-ė) Produktų vystymo departamente,"Šiaulių bankas, AB",Kaunas / Remote,€ 2500 – 3750,Unspecified,2500.0,3750.0,3125.0,1250.0,Data Analyst,Not Specified
Verslo analitikas (-ė) Produktų vystymo departamente,"Šiaulių bankas, AB",Vilnius / Remote,€ 2600 – 3890,Unspecified,2600.0,3890.0,3245.0,1290.0,Data Analyst,Not Specified
"Product Owner for Jira and Confluence | SEB, Vilnius",SEB,Vilnius,€ 3000 – 4500,Unspecified,3000.0,4500.0,3750.0,1500.0,Project Manager/Product Owner,Not Specified
"IT Support Specialist at 1st Line Employee IT Support | SEB, Vilnius",SEB,Vilnius,€ 1750 – 1900,Unspecified,1750.0,1900.0,1825.0,150.0,IT Support,Not Specified
IT Business Analyst,"GetJet Airlines, UAB",Vilnius,€ 2800 – 4130,Unspecified,2800.0,4130.0,3465.0,1330.0,Business Analyst,Not Specified
Vyr. ekspertas (-ė) (Dirbtinis intelektas - Teisės sritis),"Inovacijų agentūra, VšĮ",Vilnius / Remote,€ 2500 – 3500,Unspecified,2500.0,3500.0,3000.0,1000.0,Data Scientist,Senior
Test Automation Engineer (Python),"QDev Technologies, UAB",Vilnius / Remote,€ 1900 – 4500,Unspecified,1900.0,4500.0,3200.0,2600.0,Python,Not Specified
Informacijos saugos vadovas (-ė) (CISO),Modus Automotive,Vilnius,€ 4000 – 7500,Unspecified,4000.0,7500.0,5750.0,3500.0,Security,Not Specified
Senior Flutter Developer,"Watts Lithuania, UAB",Vilnius,€ 5000 – 7000,Senior,5000.0,7000.0,6000.0,2000.0,Mobile Developer,Senior
.Net developer,"Emplonet, UAB",Kaunas,€ 4500 – 6000,Unspecified,4500.0,6000.0,5250.0,1500.0,.NET Developer,Not Specified
Help desk specialistas(-ė),"Labdata, UAB",Vilnius / Remote,€ 2100 – 2700,Unspecified,2100.0,2700.0,2400.0,600.0,IT Support,Not Specified
POWER PLATFORM DEVELOPER (F/M/D),Ignitis Group,Vilnius,€ 3121 – 4683,Unspecified,3121.0,4683.0,3902.0,1562.0,Software Developer,Not Specified
Business Analyst for Visma Idella team,"Visma Tech, UAB",Vilnius / Remote,€ 4100 – 5900,Unspecified,4100.0,5900.0,5000.0,1800.0,Business Analyst,Not Specified
Product Security Specialist,"Quadigi, UAB",Vilnius / Remote,€ 3800 – 5600,Unspecified,3800.0,5600.0,4700.0,1800.0,Security,Not Specified
Business Analyst for Progress OpenEdge Unit,"Baltic Amadeus, UAB",Vilnius / Remote,€ 3000 – 4200,Unspecified,3000.0,4200.0,3600.0,1200.0,Business Analyst,Not Specified
Android Developer (Junior),"Baltic Amadeus, UAB",Kaunas,€ 1100 – 2900,Junior,1100.0,2900.0,2000.0,1800.0,Mobile Developer,Junior
IT Project Manager (Data Solutions),"Baltic Amadeus, UAB",Vilnius / Remote,€ 2450 – 3700,Unspecified,2450.0,3700.0,3075.0,1250.0,Project Manager/Product Owner,Not Specified
Data Engineer,"Baltic Amadeus, UAB",Vilnius / Remote,€ 2500 – 4300,Unspecified,2500.0,4300.0,3400.0,1800.0,Data Engineer,Not Specified
.NET Developer (Junior),"Baltic Amadeus, UAB",Vilnius / Remote,€ 1100 – 2900,Junior,1100.0,2900.0,2000.0,1800.0,.NET Developer,Junior
Cloud Sales Assistant,"Baltic Amadeus, UAB",Vilnius / Remote,€ 1500 – 2200,Unspecified,1500.0,2200.0,1850.0,700.0,DevOps,Not Specified
Cyber Security Consultant,EY,Vilnius,€ 2000 – 2700,Unspecified,2000.0,2700.0,2350.0,700.0,Security,Not Specified
Skaitmenintojas (-a) Vilniaus universiteto bibliotekoje,Vilniaus universitetas,Vilnius,€ 1300 – 1550,Unspecified,1300.0,1550.0,1425.0,250.0,Business Analyst,Not Specified
Software Engineer (Java),Cognizant Lietuva,Vilnius / Remote,€ 3240 – 3810,Unspecified,3240.0,3810.0,3525.0,570.0,Java Developer,Not Specified
IT pirkimų vyr. specialistas (-ė),"Registrų centras, VĮ",Vilnius,€ 2376 – 3564,Unspecified,2376.0,3564.0,2970.0,1188.0,Other,Senior
Business Analyst,FL Technics,Vilnius / Remote,€ 2500 – 3500,Unspecified,2500.0,3500.0,3000.0,1000.0,Business Analyst,Not Specified
Duomenų inžinierius(-ė)/Data Engineer,"Metso Global Business Services, UAB",Šiauliai,€ 2500 – 3200,Unspecified,2500.0,3200.0,2850.0,700.0,Data Engineer,Not Specified
AI Engineer,"Iki Lietuva, UAB",Vilnius,€ 2560 – 4500,Unspecified,2560.0,4500.0,3530.0,1940.0,Data Scientist,Not Specified
"Software Engineer within Digital Solutions Sweden, Customer Channels","""Swedbank"", AB",Vilnius / Remote,€ 3800 – 5700,Unspecified,3800.0,5700.0,4750.0,1900.0,Software Developer,Not Specified
"Verslo sistemų (gamyba, operacijos) savininkas (-ė)","People Link, UAB",Vilnius,€ 3000 – 4000,Unspecified,3000.0,4000.0,3500.0,1000.0,Other,Not Specified
.NET Developer for PlusPort team,"Visma Tech, UAB",Vilnius / Remote,€ 2800 – 6300,Unspecified,2800.0,6300.0,4550.0,3500.0,.NET Developer,Not Specified
Senior Software Engineer and Team Lead,Cognizant Lietuva,Kaunas / Remote,€ 4950 – 8250,Senior,4950.0,8250.0,6600.0,3300.0,Software Developer,Senior
Software Architect and Team Lead,Cognizant Lietuva,Kaunas / Remote,€ 4950 – 8250,Senior,4950.0,8250.0,6600.0,3300.0,Other,Senior
Senior PHP Developer,Indigroup,Vilnius,€ 5000 – 6000,Senior,5000.0,6000.0,5500.0,1000.0,Back-end developer,Senior
Rinkos paslaugų planavimo grupės vadovė (-as),EPSO-G įmonių grupė,Vilnius,€ 4300 – 5000,Unspecified,4300.0,5000.0,4650.0,700.0,Other,Not Specified
Ieškome Mid Back-End programuotojo (-os),"Emplonet, UAB",Vilnius / Remote,€ 3500 – 5300,Mid,3500.0,5300.0,4400.0,1800.0,Back-end developer,Mid
SKAITMENINĖS SAUGOS EKSPERTĖ (-AS) (ATSINAUJINANTI ENERGETIKA),Ignitis Group,Vilnius,€ 4403 – 6604,Unspecified,4403.0,6604.0,5503.5,2201.0,Security,Senior
DI inžinierius (-ė) – prisijunk prie mūsų komandos ir kurk inovacijas!,"Mano būstas, UAB",Vilnius,€ 4000 – 5500,Unspecified,4000.0,5500.0,4750.0,1500.0,Data Scientist,Not Specified
AI Engineer,"Iki Lietuva, UAB",Vilnius,€ 2560 – 3840,Unspecified,2560.0,3840.0,3200.0,1280.0,Data Scientist,Not Specified
Vyresnysis projektų vadovas(-ė) verslo valdymo sistemų diegime,Digmatix,Vilnius / Remote,€ 3200 – 5500,Unspecified,3200.0,5500.0,4350.0,2300.0,Project Manager/Product Owner,Senior
"Java Developer in Account Channels | SEB, Vilnius",SEB,Vilnius,€ 2850 – 4250,Unspecified,2850.0,4250.0,3550.0,1400.0,Java Developer,Not Specified
Veiklos analitikas (-ė) (Gyventojų registras),"Registrų centras, VĮ",Vilnius,€ 2175 – 3262,Unspecified,2175.0,3262.0,2718.5,1087.0,Data Analyst,Not Specified
Business Analyst,BAA Training,Vilnius / Remote,€ 3306 – 3967,Unspecified,3306.0,3967.0,3636.5,661.0,Business Analyst,Not Specified
Head of Information Security for European Markets,"Nasdaq Vilnius Services, UAB",Vilnius,€ 7500 – 10000,Senior,7500.0,10000.0,8750.0,2500.0,Security,Senior
"Pozicijos pavadinimas, rodomas skelbimuose","Lietuvos draudimas, AB",Vilnius,€ 2500 – 4500,Unspecified,2500.0,4500.0,3500.0,2000.0,Business Analyst,Not Specified
Mid Quality Assurance Engineer,"StrongPoint, UAB",Vilnius,€ 2630 – 3945,Mid,2630.0,3945.0,3287.5,1315.0,QA Engineer,Mid
Klinikinis modeliuotojas – veiklos procesų analitikas,UAB Varutis,Kaunas,€ 3300 – 4800,Unspecified,3300.0,4800.0,4050.0,1500.0,Data Analyst,Not Specified
Experienced Brand and Web Designer,"Wix.com, UAB",Vilnius,€ 3000 – 5500,Unspecified,3000.0,5500.0,4250.0,2500.0,Front-end Web developer,Senior
Talent Acquisition (TA) Partner,"Wix.com, UAB",Vilnius,€ 2500 – 3400,Unspecified,2500.0,3400.0,2950.0,900.0,Other,Not Specified
Experienced Talent Acquisition (TA) Partner,"Wix.com, UAB",Vilnius,€ 3200 – 4100,Unspecified,3200.0,4100.0,3650.0,900.0,Other,Senior
Frontend Software Engineer,"Wix.com, UAB",Vilnius,€ 3000 – 7000,Unspecified,3000.0,7000.0,5000.0,4000.0,Front-end Web developer,Not Specified
Senior Frontend Engineer - Functions & Members Area,"Wix.com, UAB",Vilnius,€ 4500 – 8000,Senior,4500.0,8000.0,6250.0,3500.0,Front-end Web developer,Senior
Frontend Engineer - Vilnius CTO Team,"Wix.com, UAB",Vilnius,€ 4000 – 8000,Unspecified,4000.0,8000.0,6000.0,4000.0,Front-end Web developer,Not Specified
Frontend Engineer - Rich Content,"Wix.com, UAB",Vilnius,€ 4500 – 7000,Unspecified,4500.0,7000.0,5750.0,2500.0,Front-end Web developer,Not Specified
Senior Service Owner,"QDev Technologies, UAB",Vilnius / Remote,€ 3500 – 4500,Senior,3500.0,4500.0,4000.0,1000.0,Other,Senior
Software Engineer,"GetJet Airlines, UAB",Vilnius,€ 2500 – 5000,Unspecified,2500.0,5000.0,3750.0,2500.0,Software Developer,Not Specified
"DevOps specialist seeking new digital challenges | SEB, Vilnius",SEB,Vilnius,€ 2850 – 4250,Unspecified,2850.0,4250.0,3550.0,1400.0,DevOps,Not Specified
.NET Programuotojas (-a),"People Link, UAB",Alytus,€ 3300 – 3600,Unspecified,3300.0,3600.0,3450.0,300.0,.NET Developer,Not Specified
IT projektų vadovas – veiklos procesų analitikas,UAB Varutis,Kaunas,€ 3500 – 5000,Unspecified,3500.0,5000.0,4250.0,1500.0,Project Manager/Product Owner,Not Specified
Tinklo inžinierius (-ė),Kauno technologijos universitetas,Kaunas,€ 2600 – 2925,Unspecified,2600.0,2925.0,2762.5,325.0,Other,Not Specified
AI Engineer,EY,Vilnius / Remote,€ 2400 – 4000,Unspecified,2400.0,4000.0,3200.0,1600.0,Data Scientist,Not Specified
Senior Technical Project Manager,"Nasdaq Vilnius Services, UAB",Vilnius,€ 3600 – 4100,Senior,3600.0,4100.0,3850.0,500.0,Project Manager/Product Owner,Senior
IT PROJECT PORTFOLIO ANALYST (F/M/D),Ignitis Group,Vilnius,€ 3757 – 5635,Unspecified,3757.0,5635.0,4696.0,1878.0,Other,Not Specified
SENIOR IT PROJECT MANAGER (F/M/D) (INFRASTRUCTURE),Ignitis Group,Vilnius,€ 3757 – 5635,Senior,3757.0,5635.0,4696.0,1878.0,Project Manager/Product Owner,Senior
IT paslaugų produktų vadovė (-as),Blue Bridge grupė,Vilnius,€ 3400 – 4000,Unspecified,3400.0,4000.0,3700.0,600.0,Project Manager/Product Owner,Not Specified
Senior Data Engineer,Blue Bridge grupė,Vilnius,€ 4000 – 5500,Senior,4000.0,5500.0,4750.0,1500.0,Data Engineer,Senior
IS specialistas (-ė),"Emplonet, UAB",Vilnius,€ 2900 – 3100,Unspecified,2900.0,3100.0,3000.0,200.0,System Administrator/Architect,Not Specified
STAŽUOTOJA (-AS) DUOMENŲ ANALITIKOS SKYRIUJE,Ignitis Group,Vilnius,€ 1120 – 1680,Unspecified,1120.0,1680.0,1400.0,560.0,Data Analyst,Junior
Configuration Engineer (mid/senior),"Quadigi, UAB",Kaunas / Remote,€ 3800 – 5500,Senior,3800.0,5500.0,4650.0,1700.0,Other,Mid
DevOps Engineer (mid/senior),"Quadigi, UAB",Vilnius / Remote,€ 3800 – 5700,Senior,3800.0,5700.0,4750.0,1900.0,DevOps,Mid
Data Solutions Architect,Kilo Health - UAB Kilo grupė,Vilnius,€ 5200 – 7800,Unspecified,5200.0,7800.0,6500.0,2600.0,Data Engineer,Not Specified
Senior/Principal C++/Qt Engineer,"Quadigi, UAB",Kaunas / Remote,€ 4000 – 6800,Senior,4000.0,6800.0,5400.0,2800.0,Embedded Developer,Senior
Embedded Software Engineer - C/C++,"Quadigi, UAB",Vilnius / Remote,€ 4000 – 6300,Unspecified,4000.0,6300.0,5150.0,2300.0,Embedded Developer,Not Specified
Mid/Senior C++/Qt Engineer,"Quadigi, UAB",Kauno apskritis / Remote,€ 3500 – 6300,Senior,3500.0,6300.0,4900.0,2800.0,Embedded Developer,Mid
Junior .NET Software Engineer,Adform,Vilnius,€ 2350 – 2750,Junior,2350.0,2750.0,2550.0,400.0,.NET Developer,Junior
IT sistemų specialistas (-ė),"Emplonet, UAB",Vilnius,€ 2454 – 2806,Unspecified,2454.0,2806.0,2630.0,352.0,Other,Not Specified
Data Engineer,"Grafton Lithuania, UAB",Vilnius,€ 3750 – 6250,Unspecified,3750.0,6250.0,5000.0,2500.0,Data Engineer,Not Specified
QA Engineer,NRD Companies,Vilnius / Remote,€ 2200 – 3700,Unspecified,2200.0,3700.0,2950.0,1500.0,QA Engineer,Not Specified
IT verslo analitikas (-ė),"Lietuvos draudimas, AB",Vilnius,€ 2900 – 3700,Unspecified,2900.0,3700.0,3300.0,800.0,Data Analyst,Not Specified
IT PAGALBOS KONSULTANTAS (-Ė),MAXIMA,Vilnius,€ 1200 – 1400,Unspecified,1200.0,1400.0,1300.0,200.0,IT Support,Not Specified
ServiceNow Application Developer,"COWI Lietuva, UAB",Vilnius,€ 3300 – 4500,Unspecified,3300.0,4500.0,3900.0,1200.0,Mobile Developer,Not Specified
Jaunesnysis (-ioji) analitikas (-ė) Regionų kreditavimo skyriuje,"Šiaulių bankas, AB",Vilnius / Remote,€ 1670 – 2500,Unspecified,1670.0,2500.0,2085.0,830.0,Data Analyst,Not Specified
Data Scientist,Eleving Group,Vilnius / Remote,€ 3500 – 4500,Unspecified,3500.0,4500.0,4000.0,1000.0,Data Scientist,Not Specified
System (Azure) Administrator,"Emplonet, UAB",Kaunas,€ 4132.24 – 4462.8,Unspecified,4132.24,4462.8,4297.52,330.5600000000004,DevOps,Not Specified
Mid Level C++ Software Engineer,"Emplonet, UAB",Vilnius,€ 3800 – 5000,Mid,3800.0,5000.0,4400.0,1200.0,Embedded Developer,Mid
FP&A Business Partner,"Baltic Amadeus, UAB",Vilnius,€ 3300 – 4500,Unspecified,3300.0,4500.0,3900.0,1200.0,Other,Not Specified
Senior Software Engineer (Front-end) in AML Review Tribe,Danske Bank Lithuania,Vilnius,€ 4320 – 6480,Senior,4320.0,6480.0,5400.0,2160.0,Front-end Web developer,Senior
PHP programuotojas (-a),Vilniaus Gedimino technikos universitetas/VILNIUS TECH,Vilnius,€ 2000 – 2800,Unspecified,2000.0,2800.0,2400.0,800.0,Back-end developer,Not Specified
OPERATIONAL TECHNOLOGY SYSTEM ADMINISTRATOR (OTSA) (F/M/D) | IGNITIS RENEWABLES,Ignitis Group,Vilnius,€ 2401 – 3602,Unspecified,2401.0,3602.0,3001.5,1201.0,IT Support,Not Specified
Darbo užmokesčio sistemų diegimo projektų konsultantas (-ė),Digmatix,Vilnius / Remote,€ 2300 – 3400,Unspecified,2300.0,3400.0,2850.0,1100.0,Other,Not Specified
Junior Digital Marketing Manager,Deep Media Technologies,Vilnius / Remote,€ 1800 – 2300,Junior,1800.0,2300.0,2050.0,500.0,Other,Junior
Intermediate Digital Marketing Manager,Deep Media Technologies,Vilnius / Remote,€ 2400 – 3000,Unspecified,2400.0,3000.0,2700.0,600.0,Other,Mid
Buhalterinės apskaitos modulio IT produkto vadovas (-ė),UAB Instantė,Vilnius / Remote,€ 3000 – 4000,Unspecified,3000.0,4000.0,3500.0,1000.0,Project Manager/Product Owner,Not Specified
"Mid/Senior Site Reliability Engineer with passion for innovation | SEB, Vilnius",SEB,Vilnius,€ 2850 – 5450,Senior,2850.0,5450.0,4150.0,2600.0,DevOps,Mid
"Mid/Senior Site Reliability Engineer with passion for innovation | SEB, Kaunas",SEB,Kaunas,€ 2850 – 5450,Senior,2850.0,5450.0,4150.0,2600.0,DevOps,Mid
"Java/ Angular Software Developer at Financing & Loans Tribe | SEB, Vilnius",SEB,Vilnius,€ 2850 – 5450,Unspecified,2850.0,5450.0,4150.0,2600.0,Java Developer,Not Specified
"Senior Dynamics 365 and Power Platform Solution Developer | SEB, Vilnius",SEB,Vilnius,€ 4350 – 6300,Senior,4350.0,6300.0,5325.0,1950.0,Software Developer,Senior
KOMPIUTERIZUOTŲ DARBO VIETŲ PRIEŽIŪROS INŽINIERĖ (-IUS),Ignitis Group,Vilnius,€ 1755 – 2632,Unspecified,1755.0,2632.0,2193.5,877.0,Other,Not Specified
.NET Software Engineer in Customer Engagement Individuals,Danske Bank Lithuania,Vilnius,€ 3520 – 5280,Unspecified,3520.0,5280.0,4400.0,1760.0,.NET Developer,Not Specified
"SAS Developer | SEB, Vilnius",SEB,Vilnius,€ 2850 – 4250,Unspecified,2850.0,4250.0,3550.0,1400.0,Software Developer,Not Specified
Java Developer for Welcoming and Orchestration Tribe,Danske Bank Lithuania,Vilnius,€ 3520 – 5280,Unspecified,3520.0,5280.0,4400.0,1760.0,Java Developer,Not Specified
POWER PLATFORM DEVELOPER (F/M/D),Ignitis Group,Vilnius,€ 3121 – 4683,Unspecified,3121.0,4683.0,3902.0,1562.0,Software Developer,Not Specified
SENIOR POWER PLATFORM DEVELOPER (F/M/D),Ignitis Group,Vilnius,€ 3466 – 5199,Senior,3466.0,5199.0,4332.5,1733.0,Software Developer,Senior
Business Analyst,FL Technics,Vilnius / Remote,€ 3300 – 3650,Unspecified,3300.0,3650.0,3475.0,350.0,Business Analyst,Not Specified
IT LICENSE ADMINISTRATOR (F/M/D),Ignitis Group,Vilnius,€ 2379 – 3568,Unspecified,2379.0,3568.0,2973.5,1189.0,IT Support,Not Specified
DATA ENGINEER (F/M/D),Ignitis Group,Vilnius,€ 3121 – 4683,Unspecified,3121.0,4683.0,3902.0,1562.0,Data Engineer,Not Specified
Full - Stack Developer,FL Technics,Vilnius / Remote,€ 3400 – 4000,Unspecified,3400.0,4000.0,3700.0,600.0,Software Developer,Not Specified
DATA ENGINEER (F/M/D),Ignitis Group,Vilnius,€ 3121 – 4683,Unspecified,3121.0,4683.0,3902.0,1562.0,Data Engineer,Not Specified
DATA ENGINEER (F/M/D),Ignitis Group,Vilnius,€ 3121 – 4683,Unspecified,3121.0,4683.0,3902.0,1562.0,Data Engineer,Not Specified
Data Engineer,FL Technics,Vilnius / Remote,€ 3500 – 4500,Unspecified,3500.0,4500.0,4000.0,1000.0,Data Engineer,Not Specified
DATA ENGINEER (F/M/D),Ignitis Group,Vilnius,€ 3121 – 4683,Unspecified,3121.0,4683.0,3902.0,1562.0,Data Engineer,Not Specified
Senior DevOps Engineer,Danske Bank Lithuania,Vilnius,€ 4640 – 6960,Senior,4640.0,6960.0,5800.0,2320.0,DevOps,Senior
IT TEAM/DELIVERY MANAGER (F/M/D),Ignitis Group,Vilnius,€ 4247 – 6370,Unspecified,4247.0,6370.0,5308.5,2123.0,Other,Not Specified
IT Network Engineer,Avia Solutions Group,Vilnius / Remote,€ 3636 – 4462,Unspecified,3636.0,4462.0,4049.0,826.0,Other,Not Specified
"Senior Cloud Data Engineer in HR IT, Corporate Functions | SEB, Vilnius",SEB,Vilnius,€ 3650 – 5450,Senior,3650.0,5450.0,4550.0,1800.0,Data Engineer,Senior
DUOMENŲ VALDYSENOS (DATA GOVERNANCE) KOORDINATORĖ (-IUS),Ignitis Group,Vilnius,€ 3267 – 4900,Unspecified,3267.0,4900.0,4083.5,1633.0,Other,Not Specified
Onsite Support Engineer,FL Technics,Vilnius,€ 2100 – 2500,Unspecified,2100.0,2500.0,2300.0,400.0,IT Support,Not Specified
"Data Engineer to Savings Offering | SEB, Vilnius",SEB,Vilnius,€ 3650 – 5450,Unspecified,3650.0,5450.0,4550.0,1800.0,Data Engineer,Not Specified
"Google Cloud Platform Engineer | SEB, Vilnius",SEB,Vilnius,€ 2850 – 5450,Unspecified,2850.0,5450.0,4150.0,2600.0,DevOps,Not Specified
"Google Cloud Platform Engineer | SEB, Kaunas",SEB,Kaunas,€ 2850 – 5450,Unspecified,2850.0,5450.0,4150.0,2600.0,DevOps,Not Specified
Data Scientist,Avion Express,Vilnius / Remote,€ 4000 – 6612,Unspecified,4000.0,6612.0,5306.0,2612.0,Data Scientist,Not Specified
HEAD OF INTEGRATIONS (F/M/D),Ignitis Group,Vilnius,€ 4247 – 6370,Senior,4247.0,6370.0,5308.5,2123.0,Other,Senior
"Senior .NET developer | SEB, Vilnius",SEB,Vilnius,€ 3650 – 5450,Senior,3650.0,5450.0,4550.0,1800.0,.NET Developer,Senior
"DevOps Engineer for Log Infrastructure | SEB, Vilnius",SEB,Vilnius,€ 2850 – 5450,Unspecified,2850.0,5450.0,4150.0,2600.0,DevOps,Not Specified
Chief .NET Engineer in Cards Domain,Danske Bank Lithuania,Vilnius,€ 5440 – 8160,Unspecified,5440.0,8160.0,6800.0,2720.0,.NET Developer,Senior
Senior .NET Engineer in Cards Domain,Danske Bank Lithuania,Vilnius,€ 4560 – 6840,Senior,4560.0,6840.0,5700.0,2280.0,.NET Developer,Senior
APPLICATION ARCHITECT (F/M/D),Ignitis Group,Vilnius / Remote,€ 4247 – 6370,Unspecified,4247.0,6370.0,5308.5,2123.0,Other,Not Specified
Senior Java Developer for Welcoming and Orchestration Tribe,Danske Bank Lithuania,Vilnius,€ 4560 – 6840,Senior,4560.0,6840.0,5700.0,2280.0,Java Developer,Senior
".NET Backend Developer for high quality solutions | SEB, Vilnius",SEB,Vilnius,€ 3650 – 5450,Unspecified,3650.0,5450.0,4550.0,1800.0,Back-end developer,Not Specified
JUNIOR ORACLE DEVELOPER (F/M/D),Ignitis Group,Vilnius,€ 2532 – 3800,Junior,2532.0,3800.0,3166.0,1268.0,Database Admin,Junior
"Application Support specialist for Data Quality | SEB, Vilnius",SEB,Vilnius,€ 2850 – 4250,Unspecified,2850.0,4250.0,3550.0,1400.0,QA Engineer,Not Specified
IT INFRASTRUKTŪROS KOMANDOS VADOVĖ (-AS),Ignitis Group,Vilnius,€ 3594 – 5390,Unspecified,3594.0,5390.0,4492.0,1796.0,Project Manager/Product Owner,Not Specified
Sistemų administratorius (-ė),Alliance for Recruitment,Vilnius,€ 3000 – 4500,Unspecified,3000.0,4500.0,3750.0,1500.0,IT Support,Not Specified
DevOps Engineer,Alliance for Recruitment,Kaunas,€ 6699 – 6700,Unspecified,6699.0,6700.0,6699.5,1.0,DevOps,Not Specified
Principal Site Reliability Engineer,Alliance for Recruitment,Vilnius,€ 6000 – 7000,Senior,6000.0,7000.0,6500.0,1000.0,DevOps,Not Specified
IT PROJECT MANAGER (public sector),Alliance for Recruitment,Vilnius,€ 3300 – 5000,Unspecified,3300.0,5000.0,4150.0,1700.0,Project Manager/Product Owner,Not Specified
Java Back-end Developer,Alliance for Recruitment,Kaunas,€ 2803 – 5621,Unspecified,2803.0,5621.0,4212.0,2818.0,Back-end developer,Not Specified
Power platform development lead,Alliance for Recruitment,Vilnius,€ 5500 – 6500,Senior,5500.0,6500.0,6000.0,1000.0,Other,Senior
Java Solution Developer in Liquidity Risk Team,Alliance for Recruitment,Vilnius,€ 3650 – 5450,Unspecified,3650.0,5450.0,4550.0,1800.0,Java Developer,Not Specified
Įterptinių sistemų programuotojas (-a),Alliance for Recruitment,Vilnius,€ 3000 – 3700,Unspecified,3000.0,3700.0,3350.0,700.0,Embedded Developer,Not Specified
SAP BI Data Engineer,Alliance for Recruitment,Vilnius,€ 3500 – 5000,Unspecified,3500.0,5000.0,4250.0,1500.0,Data Engineer,Not Specified
Full Stack Developer,Alliance for Recruitment,Vilnius,€ 5000 – 8000,Unspecified,5000.0,8000.0,6500.0,3000.0,Full-stack Developer,Not Specified
SAP BI Data Engineer,Alliance for Recruitment,Vilnius,€ 3500 – 5000,Unspecified,3500.0,5000.0,4250.0,1500.0,Data Engineer,Not Specified
Data analyst,Alliance for Recruitment,Vilnius,€ 2300 – 3300,Unspecified,2300.0,3300.0,2800.0,1000.0,Data Analyst,Not Specified
Product Owner (KYC/AML),Alliance for Recruitment,Vilnius,€ 3500 – 6500,Unspecified,3500.0,6500.0,5000.0,3000.0,Project Manager/Product Owner,Not Specified
Learning and Development Partner,Alliance for Recruitment,Vilnius,€ 3300 – 4000,Unspecified,3300.0,4000.0,3650.0,700.0,Other,Not Specified
Full Stack Programuotojas,Alliance for Recruitment,Kaunas,€ 3000 – 4300,Unspecified,3000.0,4300.0,3650.0,1300.0,Full-stack Developer,Not Specified
