Title,Company,Location,Salary,min_salary,max_salary,avg_salary,salary_range,job_category,seniority
Klientų aptarnavimo vadybininkė (-as),UAB „Kauno interneto sistemos“,Kaunas,1200-2300,1200.0,2300.0,1750.0,1100.0,Sales & Customer Service,Other
KOKYBĖS KONTROLIERIUS (-Ė),BIOVELA GROUP,Utena,1280-1760,1280.0,1760.0,1520.0,480.0,QA & Testing,Other
Ūkvedys (-ė) „Impuls“ sporto klubams,UAB „Impuls LTU“,Vilnius,From 8,1280.0,204800.0,1280.0,0.0,Maintenance,Other
Techninės priežiūros inžinierius (-ė),UAB Alumingo,Kaunas,2300-2700,2300.0,2700.0,2500.0,400.0,Manufacturing & Production,Other
Tvarių pastatų vertintojas | Tvarumo konsultantas,UAB „SEES Group“,Vilnius,1200-2500,1200.0,2500.0,1850.0,1300.0,Sales & Customer Service,Other
Linijos darbininkas (-ė),UAB „Schmitz Cargobull Baltic“,Panevėžys,From 1000,1000.0,,1000.0,0.0,Other,Other
Draudimo specialistas (-ė) Klaipėdoje,AAS „BTA Baltic Insurance Company“ filialas Lietuvoje,Klaipėda,1200-1600,1200.0,1600.0,1400.0,400.0,Other,Mid
Svarbių klientų vadybininkė (-as) (Žaislų kategorija) didmeninėje prekyboje,"Kotryna Group, UAB",Vilnius,From 1700,1700.0,,1700.0,0.0,Sales & Customer Service,Other
Pardavimų vadybininkas,"Nuotykių kateris, UAB",Vilnius,2600-4250,2600.0,4250.0,3425.0,1650.0,Sales & Customer Service,Other
JAUNESNYSIS INŽINIERIUS - PROJEKTUOTOJAS (-Ė),UAB „ERGOVENT“,Kaunas,From 1300,1300.0,,1300.0,0.0,Manufacturing & Production,Junior
Elektrokrautuvo vairuotojas,UAB „Press Glass“,Kaunas,2030-2250,2030.0,2250.0,2140.0,220.0,Logistics & Transport,Other
"Gamybos darbuotojas (be naktinio darbo, laisvi savaitgaliai)",ARIMEX UAB,Vilnius,1520-1900,1520.0,1900.0,1710.0,380.0,Manufacturing & Production,Other
Pardavėja (-as) – konsultantė (-as) VILNIUJE,UAB „Araneta“,Vilnius,2000-2500,2000.0,2500.0,2250.0,500.0,Sales & Customer Service,Other
Asmeninis slaugytojas (-a) pas klientą namuose,"ATENA-SMART CARE, s.r.o.",Netherlands,2000-3000,2000.0,3000.0,2500.0,1000.0,Healthcare & Medical,Other
Virėjas (-a),VšĮ „VILNVARSA“,Vilnius,1100-1300,1100.0,1300.0,1200.0,200.0,Food Service,Other
Šlifuotojas (2 pamainos) (APMOKOME),UAB „Novameta“,Kaunas,1200-1440,1200.0,1440.0,1320.0,240.0,Other,Other
ADMINISTRATORĖ (-IUS) / Vadovo asistentas (0.5 etato),UAB „Eurospektras“,Vilnius,600,600.0,,600.0,0.0,DevOps & Systems,Other
PARDUOTUVĖS ADMINISTRATORIUS (-Ė) INFOCENTRE VILNIUJE (Pilaitėje),UAB „MAKVEŽA“,Vilnius,1426-1501,1426.0,1501.0,1463.5,75.0,DevOps & Systems,Other
Prekių surinkėja (-as) sandėlyje,UAB „BGC service“,Vilnius,900-1200,900.0,1200.0,1050.0,300.0,Marketing & Communications,Other
Vairuotojas (-a) B kat.,UAB „BGC service“,Vilnius,1100-1400,1100.0,1400.0,1250.0,300.0,Logistics & Transport,Other
Gamybos operatorius (-ė),UAB „Press Glass“,Kaunas,1800-2100,1800.0,2100.0,1950.0,300.0,Manufacturing & Production,Other
Pakuotojas (-a),UAB „Press Glass“,Kaunas,1800-2100,1800.0,2100.0,1950.0,300.0,Other,Other
Assistant in Risk Department in Vilnius,ATRADIUS,Vilnius,1900-2300,1900.0,2300.0,2100.0,400.0,Other,Other
Tapk „Telia“ gedimų šalinimo specialistu (-e) telefonu Kaune,Telia,Kaunas,1400-2000,1400.0,2000.0,1700.0,600.0,Other,Mid
Fasuotoja (-as) - pakuotoja (-as),UAB „Ritamum pharma“,Vilnius,900-1000,900.0,1000.0,950.0,100.0,Other,Other
KURJERIS B KATEGORIJA VAIRUOTOJAS - KROVĖJAS,UAB „Evinara“,Vilnius,1100-1400,1100.0,1400.0,1250.0,300.0,Logistics & Transport,Other
Techninės priežiūros ir aptarnavimo skyriaus vadovas (-ė),UAB „Marx Vilnius“,Vilnius,1700-2100,1700.0,2100.0,1900.0,400.0,Management,Other
"Klientų aptarnavimo konsultantas telefonu Kaune (0,75-1 et.)",UAB „TELE2“,Kaunas,1100-2200,1100.0,2200.0,1650.0,1100.0,Sales & Customer Service,Other
Linijos operatoriai (-ės),UAB „Lietpak“,Vilnius,1987-2562,1987.0,2562.0,2274.5,575.0,Manufacturing & Production,Other
SERVISO VADYBININKAS (VOKIETIJOJE),UAB „MANVALDA“,Germany,From 1700,1700.0,,1700.0,0.0,Sales & Customer Service,Other
Pardavimo vadybininkas (-ė),UAB „Biomedikos centras“,Kaunas,1652-2479,1652.0,2479.0,2065.5,827.0,Sales & Customer Service,Other
Pardavėjas (-a) Vilniuje (Dūkštų g.) (galimybė dirbti nepilnu etatu),UAB „Lidl Lietuva“,Vilnius,1225-1990,1225.0,1990.0,1607.5,765.0,Retail,Other
AUTOŠALTKALVIS (-Ė) KAUNE,ADAMPOLIS GROUP,Kaunas,1200-2000,1200.0,2000.0,1600.0,800.0,Other,Other
INŽINIERIUS - TECHNOLOGAS,UAB „Electronic House“,Vilnius,2000-3000,2000.0,3000.0,2500.0,1000.0,Manufacturing & Production,Other
Aptarnavimo technikas (mechanikas),UAB „Lemba“,Germany,3500-6000,3500.0,6000.0,4750.0,2500.0,Engineering,Other
Buhalteris (-ė),UAB Sveikatos centras „Energetikas“,Palanga,1000-1200,1000.0,1200.0,1100.0,200.0,Finance & Accounting,Other
CNC frezavimo staklių operatorius (-ė),UAB „ABEPA“,Kaunas,1700-2300,1700.0,2300.0,2000.0,600.0,Manufacturing & Production,Other
Renginių vedėjas,MB „GOCRAZY LT“,Klaipėda,20-35,3200.0,5600.0,4400.0,15.0,Other,Other
Renginių vedėjas,MB „GOCRAZY LT“,Kaunas,20-35,3200.0,5600.0,4400.0,15.0,Other,Other
Renginių vedėjas,MB „GOCRAZY LT“,Vilnius,20-35,3200.0,5600.0,4400.0,15.0,Other,Other
"Kurjeris (-ė), Vilniuje, PC Ozas",UAB „Barbora“,Vilnius,1100-1400,1100.0,1400.0,1250.0,300.0,Logistics & Transport,Other
PARDAVIMŲ VADOVAS (-Ė),„Hirelabas“ įmonių grupė,Kaunas,1800-2200,1800.0,2200.0,2000.0,400.0,Sales & Customer Service,Other
Tunelinės plovyklos operatorius (-ė) Senosios Pilaitės kelias,UAB „PRO BRO Group“,Vilnius,1380-1794,1380.0,1794.0,1587.0,414.0,Mobile Development,Other
Stalius-staklininkas (-ė),SBA Grupė,Kaunas,900-1400,900.0,1400.0,1150.0,500.0,Other,Other
Pakavimo įrengimų operatorius (-ė) - krovėjas (-a),UAB „VMG Food“,Vilnius,1000-1250,1000.0,1250.0,1125.0,250.0,Manufacturing & Production,Other
Universalus baldų apmušėjas (-a),UAB „Advantus“,Kaunas,1500-2000,1500.0,2000.0,1750.0,500.0,Other,Other
Pardavėja kasininkė / pardavėjas kasininkas,UAB „Cesta“,Vilnius,1039-1138,1039.0,1138.0,1088.5,99.0,Retail,Other
Art & LEGO Assistant,UAB „Pandos“,Vilnius,1380,1380.0,,1380.0,0.0,Other,Other
Statybinių medžiagų pardavimo vadybininkas (-ė),UAB „Bauen“,Šiauliai,1200-2500,1200.0,2500.0,1850.0,1300.0,Sales & Customer Service,Other
BUHALTERIS (-Ė),UAB „Bauen“,Kaunas,1200-1400,1200.0,1400.0,1300.0,200.0,Finance & Accounting,Other
Sandėlio darbuotojas,UAB „Bauen“,Šiauliai,900-1100,900.0,1100.0,1000.0,200.0,Logistics & Transport,Other
"IEŠKOME KORTŲ ŽAIDIMŲ VEDĖJŲ KAUNE (0,5-1 ETATU)",UAB „Evolution Lithuania“,Kaunas,7.40-15.75,1184.0,2520.0,1852.0,8.35,Other,Other
"IEŠKOME KORTŲ MAIŠYTOJŲ KAUNE - CV NEREIKIA (0,5-1 ETATU)",UAB „Evolution Lithuania“,Kaunas,7.40-11.60,1184.0,1856.0,1520.0,4.199999999999999,Other,Other
"IEŠKOME KORTŲ ŽAIDIMŲ VEDĖJŲ KAUNE (0,5-1 ETATU)",UAB „Evolution Lithuania“,Kaunas,830-1600,830.0,1600.0,1215.0,770.0,Other,Other
PREKIŲ SURINKĖJAS (-A) EL.KRAUTUVU I-V 9:15-18val.,UAB SKUBA,Vilnius,1143-1680,1143.0,1680.0,1411.5,537.0,Marketing & Communications,Other
Pardavėja (-as) - konsultantė (-as),UAB „Pako Lorente Baltija“,Vilnius,1050-2000,1050.0,2000.0,1525.0,950.0,Sales & Customer Service,Other
"Gamybos darbuotojas (medinio skydo klijuotojas, medžio masyvo stalčių gamyba)",UAB „EVABOX“,Vilnius,900-1100,900.0,1100.0,1000.0,200.0,Manufacturing & Production,Other
MECHANIKAS (-Ė) - TECHNIKAS (-Ė),UAB „Techvitas“,Kaunas,1200-2200,1200.0,2200.0,1700.0,1000.0,Engineering,Other
QA Engineer – Frontend Automation Specialist,UAB PLC Group,Vilnius,2000-3500,2000.0,3500.0,2750.0,1500.0,Software Development,Mid
Autokrautuvo vairuotojas (-a),SBA Grupė,Klaipėda,950-1200,950.0,1200.0,1075.0,250.0,Logistics & Transport,Other
Parduotuvės vadovas (-ė) Vilniuje,UAB „Anvol“,Vilnius,1600-2050,1600.0,2050.0,1825.0,450.0,Management,Other
Aliuminio fasadų surinkėjas (-a) - operatorius (-ė) (gamyba),UAB „Glansa“,Kaunas,1100-1550,1100.0,1550.0,1325.0,450.0,Marketing & Communications,Other
Transporto ir produktų sandėlio pamainos vadovas (-ė),UAB „Press Glass“,Kaunas,2570-2840,2570.0,2840.0,2705.0,270.0,Logistics & Transport,Other
Sandėlio darbuotojas (-a) KAUNO LEZ (pilnas etatas),UAB „Araneta“,Kaunas,2500-3000,2500.0,3000.0,2750.0,500.0,Logistics & Transport,Other
"Terminalo operatorius (-ė), Kaune","SmartPosti, UAB",Kaunas,1264-1650,1264.0,1650.0,1457.0,386.0,Manufacturing & Production,Other
Gamybos darbuotojas (-a) (1 darbo pamaina),UAB „Novameta“,Kaunas,1100-1290,1100.0,1290.0,1195.0,190.0,Manufacturing & Production,Other
"Associate Collector (German Speaker, Maternity Cover)",Western Union Lithuania ~ European Regional Operations Center,Vilnius,1241-1825,1241.0,1825.0,1533.0,584.0,Other,Junior
Elektromechanikas (-ė),UAB „Press Glass“,Kaunas,2200-2700,2200.0,2700.0,2450.0,500.0,Engineering,Other
VALYTOJA (-AS) (darbas 2 pamainomis),UAB „Littelfuse LT“,Kaunas,1200-1500,1200.0,1500.0,1350.0,300.0,Cleaning & Facilities,Other
Prekių surinkėjas (-a) - Vokietijoje (TINKA POROMS),MB „Worknos“,Germany,1800-2500,1800.0,2500.0,2150.0,700.0,Marketing & Communications,Other
Compliance and Legal Officer,"Mango Insurance, UAB",Vilnius,2900-3400,2900.0,3400.0,3150.0,500.0,HR & Administration,Other
Stabilus darbas gamyboje - rinkis tai kas Tau tinka!,UAB „Advantus“,Kaunas,1200-1770,1200.0,1770.0,1485.0,570.0,Marketing & Communications,Other
LAIDŲ KIRPIMO OPERATORIUS (-Ė),UAB „Electronic House“,Vilnius,1200-1800,1200.0,1800.0,1500.0,600.0,Manufacturing & Production,Other
Ekskavatoriaus operatorius,Žiuko įmonė,Molėtai,From 1600,1600.0,,1600.0,0.0,Manufacturing & Production,Other
Mobiliųjų telefonų - kompiuterių specialistas,UAB „ELITELA“,Ukmergė,900-1500,900.0,1500.0,1200.0,600.0,Mobile Development,Mid
ŠALTKALVIS,UAB „Electronic House“,Vilnius,1100,1100.0,,1100.0,0.0,Other,Other
Gamybos darbuotojas (-a),UAB „ULMAS“,Kaunas,From 900,900.0,,900.0,0.0,Manufacturing & Production,Other
Prisijunk prie fantastiškos INTERACTIVE studios žaidimų vedėjų komandos Klaipėdoje!,UAB „SP STUDIO“,Klaipėda,6.36-24.81,1017.6,3969.6,2493.6,18.45,Mobile Development,Other
Ekonomistas (-ė),UAB „Schmitz Cargobull Baltic“,Panevėžys,1400-1600,1400.0,1600.0,1500.0,200.0,Finance & Accounting,Other
AB „Liteksas“ vyresnysis technikas (-ė),„Marzotto įmonių grupė“,Kaunas,1600-2300,1600.0,2300.0,1950.0,700.0,Engineering,Senior
Elektromontuotojas (-a) TP/SP,"Žilinskis ir Co, UAB",Vilnius,1300-1600,1300.0,1600.0,1450.0,300.0,Other,Other
Mechanikos technikas (-ė),UAB „FREDA“,Kaunas,2400-3200,2400.0,3200.0,2800.0,800.0,Engineering,Other
Kokybės Inžinierius (-ė) (autoelektrikas),UAB „Schmitz Cargobull Baltic“,Panevėžys,1700-2000,1700.0,2000.0,1850.0,300.0,QA & Testing,Other
PREKIŲ KOMPLEKTUOTOJAS (-A),UAB „Electronic House“,Vilnius,1200-1600,1200.0,1600.0,1400.0,400.0,Other,Other
Radiologijos technologas (-ė) (Santariškių padalinys),InMedica grupė,Vilnius,2806-3966,2806.0,3966.0,3386.0,1160.0,Manufacturing & Production,Other
Apskaitininkas (-ė) - buhalteris (-ė),UAB „Baltic Diagnostic Service“,Kaunas,1000-1200,1000.0,1200.0,1100.0,200.0,Finance & Accounting,Other
ŠVIEŽIOS ŽUVIES SKYRIAUS PARDAVĖJAS (-A),UAB „Šiaurės jūra“,Vilnius,From 1000,1000.0,,1000.0,0.0,Mobile Development,Other
Suvirintojas,UAB „LAIPTŲ FABRIKAS“,Vilnius,1300-1700,1300.0,1700.0,1500.0,400.0,Other,Other
Dažytojas baldų įmonėje,UAB „FPI Baltic“,Kaunas,1200-1400,1200.0,1400.0,1300.0,200.0,Other,Other
Mobiliųjų telefonų - kompiuterių specialistas,UAB „ELITELA“,Vilnius,1100-1700,1100.0,1700.0,1400.0,600.0,Mobile Development,Mid
Rūšiuotoja (-as) (Vežame į darbą),UAB „Bauwerk Group Lietuva“,Elektrėnai,1680-2100,1680.0,2100.0,1890.0,420.0,Other,Other
Ophtalmologist,VPSO CONSEIL,France,10000-20000,10000.0,20000.0,15000.0,10000.0,Logistics & Transport,Other
Junior Recruiter,Orca Crew Services B.V. Lietuvos filialas,Klaipėda,1550-2150,1550.0,2150.0,1850.0,600.0,Design & UI/UX,Junior
Virėjas (-a) - Kulinarijos cecho darbuotojas (-a) (Žuvų produkcija),AB „Išlaužo žuvis“,Prienai,1000-1500,1000.0,1500.0,1250.0,500.0,Food Service,Other
Automatikų komandos lyderis (-ė),UAB „FREDA“,Kaunas,3500-4500,3500.0,4500.0,4000.0,1000.0,Other,Other
TRANSPORTO VADYBININKUI (-EI) 🌎,UAB „MTL Group“,Vilnius,1000-2000,1000.0,2000.0,1500.0,1000.0,Design & UI/UX,Other
Pakuotojas (-a) Vokietijoje (Tinkamas Poroms),MB „Worknos“,Germany,1900-2600,1900.0,2600.0,2250.0,700.0,Other,Other
SERVISO DARBUOTOJO,UAB „Felder Group Lietuva“,Vilnius,1000-1600,1000.0,1600.0,1300.0,600.0,Other,Other
TECHNINIS KONSULTANTAS - PARDAVIMO VADYBININKAS,UAB „Felder Group Lietuva“,Vilnius,1000-1800,1000.0,1800.0,1400.0,800.0,Sales & Customer Service,Other
Operatorius - technikas,UAB „Mondelez Lietuva Production“,Kaunas,2500,2500.0,,2500.0,0.0,Manufacturing & Production,Other
Grožio konsultantė (-as) - Dior prekės ženklo ambasadorė (-ius) Vilniaus oro uoste,UAB „General Promotion Baltic“,Vilnius,1915,1915.0,,1915.0,0.0,Sales & Customer Service,Other
"Plataus profilio statybininko - Staliaus, Švedijoje!!!",MB „Litukas“,Sweden,From 14,2240.0,358400.0,2240.0,0.0,Construction,Other
Transporto užsakymų vadybininkas (-ė),DS Smith Packaging,Vilnius,1870-2185,1870.0,2185.0,2027.5,315.0,Sales & Customer Service,Other
Žaliavų sandėlininkas (-ė) (LEZ),UAB FREDA II,Kaunas,2300-2500,2300.0,2500.0,2400.0,200.0,Logistics & Transport,Other
STATYBOS DARBŲ VADOVAS (-Ė),UAB „Projektana“,Kaunas,1500-3000,1500.0,3000.0,2250.0,1500.0,Management,Other
Betonuotojas,UAB „Projektana“,Kaunas,1300-2300,1300.0,2300.0,1800.0,1000.0,Other,Other
Mechanizatorius,UAB „Projektana“,Kaunas,1400-2600,1400.0,2600.0,2000.0,1200.0,Other,Other
Gamybos vadovas (-ė),UAB HI-LABS,Kaunas,1500-2500,1500.0,2500.0,2000.0,1000.0,Manufacturing & Production,Other
Derintojas - operatorius,AB „Pieno žvaigždės“,Panevėžys,1900-2010,1900.0,2010.0,1955.0,110.0,Manufacturing & Production,Other
TIESIOGINIŲ ŽAIDIMŲ VEDĖJAS (-A) (APMOKOME),UAB „TV ŽAIDIMAI“,Vilnius,900-1600,900.0,1600.0,1250.0,700.0,Other,Other
Jaunesnysis (-ioji) projektų vadovas (-ė) (Mažmeninė prekyba),UAB „Premiumstore“,Kaunas,2200-2700,2200.0,2700.0,2450.0,500.0,IT Management,Junior
Buhalteris (-ė),myTU (UAB „Travel Union“ ),Vilnius,2500-3000,2500.0,3000.0,2750.0,500.0,Finance & Accounting,Other
Recruiter,UAB „Nordcurrent Group“,Vilnius,3000-4000,3000.0,4000.0,3500.0,1000.0,Design & UI/UX,Other
Inžinierius automatikas (-ė),UAB FREDA II,Kaunas,2000-3200,2000.0,3200.0,2600.0,1200.0,Manufacturing & Production,Other
Pagalbinis (-ė) darbuotojas (-a) - padangų montuotojas (-a). PATIRTIS NEBŪTINA!,UAB „MELGA“,Vilnius,800-1300,800.0,1300.0,1050.0,500.0,Other,Other
Autoplovėjas - valytojas,MB „Valymo technologijos“,Kaunas,1000,1000.0,,1000.0,0.0,Manufacturing & Production,Other
Langų termoprofilių montuotojas - brigadininkas,"Megavalda, UAB",Kaunas,1200-2000,1200.0,2000.0,1600.0,800.0,Other,Other
Studijų krypčių mokslo vadovas,Šv. Ignaco Lojolos Kolegija,Kaunas,1500,1500.0,,1500.0,0.0,Management,Other
Customer Integration and Data Management Specialist,„Cencora“,Vilnius,2485-3550,2485.0,3550.0,3017.5,1065.0,Data & Analytics,Mid
VEISLYNO KOORDINATORIUS (-Ė),"KIKA LT, UAB",Kaunas,1500-1900,1500.0,1900.0,1700.0,400.0,Other,Other
Dažymo linijos operatorius,UAB „Koloro“,Vilnius,From 1400,1400.0,,1400.0,0.0,Manufacturing & Production,Other
Didmenos skyriaus asistentas/-ė,UAB „KONFESTA“,Vilnius,2069-2455,2069.0,2455.0,2262.0,386.0,HR & Administration,Other
Turistinio autobuso vairuotojas,UAB „Meteorit Turas“,Vilnius,2000-2500,2000.0,2500.0,2250.0,500.0,Logistics & Transport,Other
"Klientų aptarnavimo specialistas (-ė) Panevėžio r., Krekenavoje",UAB „Viada LT“,Krekenava,1200-1400,1200.0,1400.0,1300.0,200.0,Sales & Customer Service,Mid
Infrastruktūros inžinierė (-ius) (techninė dokumentacija ir atitiktis),LTG,Vilnius,2330-3500,2330.0,3500.0,2915.0,1170.0,DevOps & Systems,Other
Klientų aptarnavimo skyriaus specialistas,UAB „Edukacija“,Kaunas,1500-1800,1500.0,1800.0,1650.0,300.0,Sales & Customer Service,Mid
Vairuotojų apskaitos vadybininkė (as),UAB „Vestex transport“,Kaunas,From 1100,1100.0,,1100.0,0.0,Sales & Customer Service,Other
Technikos vadybininkas (-ė),UAB „Vestex transport“,Kaunas,From 1200,1200.0,,1200.0,0.0,Sales & Customer Service,Other
Svarbių klientų vadybininkas (-ė) (Key Account Manager),ŽŪB „Nematekas“,Kaišiadorys,1600-2000,1600.0,2000.0,1800.0,400.0,Sales & Customer Service,Other
Klientų konsultavimo komandos vadovas (-ė),AB Vilniaus šilumos tinklai,Vilnius,3200-4700,3200.0,4700.0,3950.0,1500.0,IT Management,Other
Asistentas dažymo linijoje,UAB „Koloro“,Vilnius,From 1200,1200.0,,1200.0,0.0,HR & Administration,Other
Stalius,UAB „Įdarbinimo tarpininkavimo centras“,Kaunas,From 1700,1700.0,,1700.0,0.0,Other,Other
Pardavimų Vadybininkas (-ė),UAB „NP grupė“,Vilnius,1400-3200,1400.0,3200.0,2300.0,1800.0,Sales & Customer Service,Other
Elektrikas (-ė) PRANCŪZŲ KALBA,UAB „RNDV Group“,France,15-18,2400.0,2880.0,2640.0,3.0,Other,Other
Marketingo vadybininko asistentas (-ė),UAB „Alteus“,Vilnius,1600-2400,1600.0,2400.0,2000.0,800.0,Sales & Customer Service,Other
Prekių atrinkėjas (-a) - krovėjas (-a),UAB „Signeda“,Kaunas,1402-2095,1402.0,2095.0,1748.5,693.0,Marketing & Communications,Other
Prekių atrinkėjas (-a) - krovėjas (-a) slenkančiu grafiku,UAB „Signeda“,Kaunas,1501-2367,1501.0,2367.0,1934.0,866.0,Design & UI/UX,Other
Restobaro administratorė,UAB „Gaisrinė“,Klaipėda,5.50-7,880.0,1120.0,1000.0,1.5,DevOps & Systems,Other
"Kasininkas (-ė) - pardavėjas (-a),STOTIES G. 1,UKMERGĖ 0,5 ET.","IKI Lietuva, UAB",Ukmergė,525-582,525.0,582.0,553.5,57.0,Retail,Other
Gamybos administratoriaus asistentas,UAB „IF Concept“,Panevėžys,From 1000,1000.0,,1000.0,0.0,DevOps & Systems,Other
"Kasininkas (-ė) - pardavėjas (-a), NEMUNO G. 70-16, PANEVĖŽYS","IKI Lietuva, UAB",Panevėžys,1050-1165,1050.0,1165.0,1107.5,115.0,Retail,Other
Krautuvo vairuotojas (-a) Vokietijoje! Išvyk greitai ir gauk 150 Eur premiją!,UAB „Headex“,Germany,1900-2000,1900.0,2000.0,1950.0,100.0,Logistics & Transport,Other
"Pamainos vadovas (-ė), NEMUNO G. 70-16, PANEVĖŽYS","IKI Lietuva, UAB",Panevėžys,1100-1240,1100.0,1240.0,1170.0,140.0,Management,Other
Kokybės vadybininkas,UAB „Kitokia diena“,Klaipėda,1400-2000,1400.0,2000.0,1700.0,600.0,QA & Testing,Other
PARDAVIMŲ INŽINIERIUS,PART OF UMEGA GROUP,Ukmergė,From 2100,2100.0,,2100.0,0.0,Sales & Customer Service,Other
Inžinierius projektuotojas (PV Design Engineer),UAB „Detra Solar“,Vilnius,From 2400,2400.0,,2400.0,0.0,Design & UI/UX,Other
GAMYBOS PARUOŠIMO INŽINIERIUS,PART OF UMEGA GROUP,Ukmergė,From 2000,2000.0,,2000.0,0.0,Manufacturing & Production,Other
"PARDAVĖJA (-AS) - KONSULTANTĖ (-AS) (KAUNAS, AKROPOLIS)",UAB „Fliis Trade“,Kaunas,1100-2100,1100.0,2100.0,1600.0,1000.0,Sales & Customer Service,Other
"Kasininkas (-ė) - pardavėjas (-a), CHEMIKŲ G. 1-1, JONAVA","IKI Lietuva, UAB",Jonava,1050-1165,1050.0,1165.0,1107.5,115.0,Retail,Other
Elektrikas - Inžinierius - Mechanikas,UAB „Vilniaus skalbykla“,Vilnius,1500-2500,1500.0,2500.0,2000.0,1000.0,Manufacturing & Production,Other
Sandėlininkas - prekių atrinkėjas Vilniuje,AB „ŽEMAITIJOS PIENAS“,Vilnius,1300,1300.0,,1300.0,0.0,Marketing & Communications,Other
Pardavimų vadybininkas (-ė),UAB „ALWARK“,Vilnius,1500-3000,1500.0,3000.0,2250.0,1500.0,Sales & Customer Service,Other
Aukštalipis (-ė),UAB „Alpinus LT“,Kaunas,1750-2900,1750.0,2900.0,2325.0,1150.0,Other,Other
Kūrybos dizaineris (-ė),AB „ŽEMAITIJOS PIENAS“,Šiauliai,3300-3700,3300.0,3700.0,3500.0,400.0,Design & UI/UX,Other
Kūrybos dizaineris (-ė),AB „ŽEMAITIJOS PIENAS“,Klaipėda,3300-3700,3300.0,3700.0,3500.0,400.0,Design & UI/UX,Other
Gamybos meistras (-ė),UAB „Medienos era“,Kaunas,From 2300,2300.0,,2300.0,0.0,Manufacturing & Production,Other
Kasininkė (-as),UAB „VSGA“,Klaipėda,1250-1400,1250.0,1400.0,1325.0,150.0,Other,Other
Pardavimo vadybininkas (-ė) telefonu pozicija,CITY SERVICE įmonių grupė,Šiauliai,1225-1800,1225.0,1800.0,1512.5,575.0,Sales & Customer Service,Other
PARDAVIMŲ VADYBININKAS (-Ė),UAB „Vlantana“,Vilnius,2500-3500,2500.0,3500.0,3000.0,1000.0,Sales & Customer Service,Other
PARDAVIMŲ VADYBININKAS (-Ė) (ACCOUNT MANAGER),BIOVELA GROUP,Vilnius,2455-2976,2455.0,2976.0,2715.5,521.0,Sales & Customer Service,Other
Marketingo vadybininkė (-as),UAB „Vidara“,Marijampolė,1000,1000.0,,1000.0,0.0,Sales & Customer Service,Other
Padavėja (-as) - pardavėja (-as),UAB „Avetus“,Vilnius,900,900.0,,900.0,0.0,Retail,Other
Išmaniųjų technologijų ekspertas Kaune,UAB „TELE2“,Kaunas,1200-4000,1200.0,4000.0,2600.0,2800.0,Manufacturing & Production,Other
Verslo klientų vadybininkas Kaune (klientų pritraukimas),UAB „TELE2“,Kaunas,1850-3000,1850.0,3000.0,2425.0,1150.0,Sales & Customer Service,Other
Verslo klientų vadybininkas Vilniuje (klientų pritraukimas),UAB „TELE2“,Vilnius,1850-3000,1850.0,3000.0,2425.0,1150.0,Sales & Customer Service,Other
Pardavimų vadybininkas Šilalėje,UAB „TELE2“,Šilalė,1200-4900,1200.0,4900.0,3050.0,3700.0,Sales & Customer Service,Other
Apsaugos darbuotojas (-a) statybos objekte,UAB „Ekskomisarų biuras“,Vilnius,1100-1300,1100.0,1300.0,1200.0,200.0,Security,Other
Apsaugos darbuotojas (-a) statybos objekte,UAB „Ekskomisarų biuras“,Vilnius,1100-1300,1100.0,1300.0,1200.0,200.0,Security,Other
Kebabų ruošėja (-as),UAB „Vydris“,Marijampolė,900-1300,900.0,1300.0,1100.0,400.0,Other,Other
Telemarketingo pardavimų vadybininkas Kaune,UAB „TELE2“,Kaunas,1300-2500,1300.0,2500.0,1900.0,1200.0,Sales & Customer Service,Other
Head of Product Development,UAB „Medicinos linija“,Šiauliai,3300-4500,3300.0,4500.0,3900.0,1200.0,Healthcare & Medical,Senior
Pardavimų komandos vadovas Vilniuje,UAB „TELE2“,Vilnius,2100-4000,2100.0,4000.0,3050.0,1900.0,IT Management,Other
Pardavimų vadybininkas Vilniuje,UAB „TELE2“,Vilnius,1200-4900,1200.0,4900.0,3050.0,3700.0,Sales & Customer Service,Other
Stalius (langų stiklinimas),"ARLANGA wood, UAB",Vilnius,1130-1500,1130.0,1500.0,1315.0,370.0,Other,Other
Verslo skyriaus vyr. specialistas (-ė),UAB „ALISA MANAGEMENT LABORATORY“,Alytus,1700-3000,1700.0,3000.0,2350.0,1300.0,Other,Senior
EKSPEDICIJOS VADYBININKAS,UAB „Truktransa“,Kaunas,1200-5000,1200.0,5000.0,3100.0,3800.0,Sales & Customer Service,Other
PARDAVIMŲ APSKAITOS SKYRIAUS VADOVAS (-Ė),BIOVELA GROUP,Utena,2000-3000,2000.0,3000.0,2500.0,1000.0,Sales & Customer Service,Other
JAUNESNYSIS (-IOJI) ŠVIEŽIOS MĖSOS TECHNOLOGAS (-Ė),BIOVELA GROUP,Utena,1400-1800,1400.0,1800.0,1600.0,400.0,Mobile Development,Junior
Autoelektrikas,UAB „AutoRC“,Šiauliai,From 800,800.0,,800.0,0.0,Other,Other
Tapk anglų kalbos mokytoja (-as)! Patirtis nebūtina | English Language Teacher,UAB „Intellectus kalbų centras“,Vilnius,16-21,2560.0,3360.0,2960.0,5.0,Education,Other
Naujų automobilių pardavimo vadybininkas (-ė),UAB „IVUANA“,Kaunas,1000-3000,1000.0,3000.0,2000.0,2000.0,Mobile Development,Other
TEISININKAS (-Ė),UAB „BnP Finance“,Vilnius,2000-3000,2000.0,3000.0,2500.0,1000.0,Finance & Accounting,Other
Vyresnysis teisininkas (-ė),ADB „Gjensidige“,Vilnius,2051-3077,2051.0,3077.0,2564.0,1026.0,Legal,Senior
Automobilių plovėjas,UAB „Autojuta“,Vilnius,1300-2600,1300.0,2600.0,1950.0,1300.0,Mobile Development,Other
Operatorius (-ė) - surinkėjas (-a),AQ Wiring Systems UAB,Panevėžys,1072-1900,1072.0,1900.0,1486.0,828.0,DevOps & Systems,Other
Informacinių technologijų ir ryšių saugumo specialistas (-ė),Lietuvos Respublikos ryšių reguliavimo tarnyba,Vilnius,2500-2850,2500.0,2850.0,2675.0,350.0,Security,Mid
MONTUOTOJAS (-A) - SUVIRINTOJAS (-A),INHUS,Vilnius,1500-1900,1500.0,1900.0,1700.0,400.0,Other,Other
Customer Success Specialist,UAB „ESTO“,Vilnius,1500-1800,1500.0,1800.0,1650.0,300.0,Sales & Customer Service,Mid
Registratorė (-ius) medicinos klinikoje Vilniuje,NORTHWAY ĮMONIŲ GRUPĖ,Vilnius,1898,1898.0,,1898.0,0.0,Healthcare & Medical,Other
Tapk anglų kalbos mokytoja (-as)! Patirtis nebūtina | English Language Teacher,UAB „Intellectus kalbų centras“,Kaunas,16-21,2560.0,3360.0,2960.0,5.0,Education,Other
Privačių namų tvarkytojas (-a) Švedijoje,UAB „Personalas“,Sweden,1900-2200,1900.0,2200.0,2050.0,300.0,HR & Administration,Other
Tapk anglų kalbos mokytoja (-as)! Patirtis nebūtina | English Language Teacher,UAB „Intellectus kalbų centras“,Klaipėda,16-21,2560.0,3360.0,2960.0,5.0,Education,Other
Teisininkas/-ė,UAB „Tyrens Lietuva“,Kaunas,3300-4000,3300.0,4000.0,3650.0,700.0,Legal,Other
Projektų vadovas (-ė),UAB „Omberg group“,Vilnius,5000-7000,5000.0,7000.0,6000.0,2000.0,IT Management,Other
Atliekų tvarkymo specialistas-kontrolierius,UAB „Panevėžio regiono atliekų tvarkymo centras“,Biržai,1671-1839,1671.0,1839.0,1755.0,168.0,Other,Mid
Apsaugos darbuotojas reagavimo ekipažai dirba po du,UAB „JUNGTIS“,Kaunas,1050-1350,1050.0,1350.0,1200.0,300.0,Security,Other
Buhalterė (-is),UAB „Biržų duona“,Biržai,1400,1400.0,,1400.0,0.0,Finance & Accounting,Other
Projektų vadovas (-ė),UAB „Betono mozaika“,Kaunas,2420-2720,2420.0,2720.0,2570.0,300.0,IT Management,Other
AUTOMATIKOS ĮRENGIMŲ DERINTOJAS,AB „Panevėžio stiklas“,Panevėžys,1100-1700,1100.0,1700.0,1400.0,600.0,Other,Other
Jaunesnysis IT konsultantas (-ė),UAB „RASO“,Vilnius,From 1160,1160.0,,1160.0,0.0,Sales & Customer Service,Junior
Statybos projekto vadovas,UAB „Baltijos pašvaistė“,Kaunas,3200-4600,3200.0,4600.0,3900.0,1400.0,Management,Other
Fasavimo linijų operatorius (-ė),"IKI Lietuva, UAB",Panevėžys,1100-1870,1100.0,1870.0,1485.0,770.0,Manufacturing & Production,Other
Saulės elektrinių montuotojas (-a),"Energroup, UAB",Vilnius,1800-3000,1800.0,3000.0,2400.0,1200.0,Other,Other
"„Outlet Space“ pardavėjai - konsultantai (0,5 – 0,75 et.) PC „Vilnius Outlet“, (PILAITĖ)",„Aprangos“ grupė,Vilnius,600-1130,600.0,1130.0,865.0,530.0,Sales & Customer Service,Other
PAMAINOS VYRESNYSIS (-IOJI) (DARBAS SANDĖLYJE),Sanitex įmonių grupė,Kaunas,1200-1500,1200.0,1500.0,1350.0,300.0,Logistics & Transport,Senior
Stogų plovėjas Švedijoje,UAB „Personalas“,Sweden,2000-2500,2000.0,2500.0,2250.0,500.0,HR & Administration,Other
"Pardavėjas (-a) - barista, Vilnius (Vilnius Outlet)",UAB „Biržų duona“,Vilnius,900-1050,900.0,1050.0,975.0,150.0,Retail,Other
Siūlome darbą sushi meistrams MANAMI restorane!,Amber Food grupė,Šiauliai,6,960.0,153600.0,960.0,0.0,Food Service,Other
Įrengimų operatorius (apmokome),UAB „Vilkritis“,Vilnius,From 1150,1150.0,,1150.0,0.0,Manufacturing & Production,Other
Technikas (-ė) - mechanikas (-ė),UAB „KB Components“,Kaunas,From 1000,1000.0,,1000.0,0.0,Engineering,Other
Pastatų apšiltintojas,UAB „Termoputa“,Šiauliai,800-1300,800.0,1300.0,1050.0,500.0,Other,Other
Procurement Manager (Photonics/ Laser optics),UAB „ALTECHNA“,Vilnius,1800-2800,1800.0,2800.0,2300.0,1000.0,Management,Other
"PARDAVĖJA (-AS) - KONSULTANTĖ (-AS) PC Panorama 0,75 etatu",AUDIMAS įmonių grupė,Vilnius,825-1200,825.0,1200.0,1012.5,375.0,Sales & Customer Service,Other
Transporto vadybininkas (-ė),UAB „Finėjas“,Vilnius,From 1600,1600.0,,1600.0,0.0,Sales & Customer Service,Other
Data Governance and Architecture Lead,UAB „DPD Lietuva“,Vilnius,5000-7000,5000.0,7000.0,6000.0,2000.0,Data & Analytics,Senior
Projektų vadovė (-as) (Turto realizavimas),LTG,Vilnius,2785-4175,2785.0,4175.0,3480.0,1390.0,IT Management,Other
Studijų krypčių mokslo vadovas,Šv. Ignaco Lojolos Kolegija,Kaunas,1500,1500.0,,1500.0,0.0,Management,Other
Customer Integration and Data Management Specialist,„Cencora“,Vilnius,2485-3550,2485.0,3550.0,3017.5,1065.0,Data & Analytics,Mid
VEISLYNO KOORDINATORIUS (-Ė),"KIKA LT, UAB",Kaunas,1500-1900,1500.0,1900.0,1700.0,400.0,Other,Other
Dažymo linijos operatorius,UAB „Koloro“,Vilnius,From 1400,1400.0,,1400.0,0.0,Manufacturing & Production,Other
Didmenos skyriaus asistentas/-ė,UAB „KONFESTA“,Vilnius,2069-2455,2069.0,2455.0,2262.0,386.0,HR & Administration,Other
Turistinio autobuso vairuotojas,UAB „Meteorit Turas“,Vilnius,2000-2500,2000.0,2500.0,2250.0,500.0,Logistics & Transport,Other
"Klientų aptarnavimo specialistas (-ė) Panevėžio r., Krekenavoje",UAB „Viada LT“,Krekenava,1200-1400,1200.0,1400.0,1300.0,200.0,Sales & Customer Service,Mid
Infrastruktūros inžinierė (-ius) (techninė dokumentacija ir atitiktis),LTG,Vilnius,2330-3500,2330.0,3500.0,2915.0,1170.0,DevOps & Systems,Other
Klientų aptarnavimo skyriaus specialistas,UAB „Edukacija“,Kaunas,1500-1800,1500.0,1800.0,1650.0,300.0,Sales & Customer Service,Mid
Vairuotojų apskaitos vadybininkė (as),UAB „Vestex transport“,Kaunas,From 1100,1100.0,,1100.0,0.0,Sales & Customer Service,Other
Technikos vadybininkas (-ė),UAB „Vestex transport“,Kaunas,From 1200,1200.0,,1200.0,0.0,Sales & Customer Service,Other
Svarbių klientų vadybininkas (-ė) (Key Account Manager),ŽŪB „Nematekas“,Kaišiadorys,1600-2000,1600.0,2000.0,1800.0,400.0,Sales & Customer Service,Other
Klientų konsultavimo komandos vadovas (-ė),AB Vilniaus šilumos tinklai,Vilnius,3200-4700,3200.0,4700.0,3950.0,1500.0,IT Management,Other
Asistentas dažymo linijoje,UAB „Koloro“,Vilnius,From 1200,1200.0,,1200.0,0.0,HR & Administration,Other
Stalius,UAB „Įdarbinimo tarpininkavimo centras“,Kaunas,From 1700,1700.0,,1700.0,0.0,Other,Other
Pardavimų Vadybininkas (-ė),UAB „NP grupė“,Vilnius,1400-3200,1400.0,3200.0,2300.0,1800.0,Sales & Customer Service,Other
Elektrikas (-ė) PRANCŪZŲ KALBA,UAB „RNDV Group“,France,15-18,2400.0,2880.0,2640.0,3.0,Other,Other
Marketingo vadybininko asistentas (-ė),UAB „Alteus“,Vilnius,1600-2400,1600.0,2400.0,2000.0,800.0,Sales & Customer Service,Other
Prekių atrinkėjas (-a) - krovėjas (-a),UAB „Signeda“,Kaunas,1402-2095,1402.0,2095.0,1748.5,693.0,Marketing & Communications,Other
Prekių atrinkėjas (-a) - krovėjas (-a) slenkančiu grafiku,UAB „Signeda“,Kaunas,1501-2367,1501.0,2367.0,1934.0,866.0,Design & UI/UX,Other
Restobaro administratorė,UAB „Gaisrinė“,Klaipėda,5.50-7,880.0,1120.0,1000.0,1.5,DevOps & Systems,Other
"Kasininkas (-ė) - pardavėjas (-a),STOTIES G. 1,UKMERGĖ 0,5 ET.","IKI Lietuva, UAB",Ukmergė,525-582,525.0,582.0,553.5,57.0,Retail,Other
Gamybos administratoriaus asistentas,UAB „IF Concept“,Panevėžys,From 1000,1000.0,,1000.0,0.0,DevOps & Systems,Other
"Kasininkas (-ė) - pardavėjas (-a), NEMUNO G. 70-16, PANEVĖŽYS","IKI Lietuva, UAB",Panevėžys,1050-1165,1050.0,1165.0,1107.5,115.0,Retail,Other
Krautuvo vairuotojas (-a) Vokietijoje! Išvyk greitai ir gauk 150 Eur premiją!,UAB „Headex“,Germany,1900-2000,1900.0,2000.0,1950.0,100.0,Logistics & Transport,Other
"Pamainos vadovas (-ė), NEMUNO G. 70-16, PANEVĖŽYS","IKI Lietuva, UAB",Panevėžys,1100-1240,1100.0,1240.0,1170.0,140.0,Management,Other
Kokybės vadybininkas,UAB „Kitokia diena“,Klaipėda,1400-2000,1400.0,2000.0,1700.0,600.0,QA & Testing,Other
PARDAVIMŲ INŽINIERIUS,PART OF UMEGA GROUP,Ukmergė,From 2100,2100.0,,2100.0,0.0,Sales & Customer Service,Other
Inžinierius projektuotojas (PV Design Engineer),UAB „Detra Solar“,Vilnius,From 2400,2400.0,,2400.0,0.0,Design & UI/UX,Other
GAMYBOS PARUOŠIMO INŽINIERIUS,PART OF UMEGA GROUP,Ukmergė,From 2000,2000.0,,2000.0,0.0,Manufacturing & Production,Other
"PARDAVĖJA (-AS) - KONSULTANTĖ (-AS) (KAUNAS, AKROPOLIS)",UAB „Fliis Trade“,Kaunas,1100-2100,1100.0,2100.0,1600.0,1000.0,Sales & Customer Service,Other
"Kasininkas (-ė) - pardavėjas (-a), CHEMIKŲ G. 1-1, JONAVA","IKI Lietuva, UAB",Jonava,1050-1165,1050.0,1165.0,1107.5,115.0,Retail,Other
Elektrikas - Inžinierius - Mechanikas,UAB „Vilniaus skalbykla“,Vilnius,1500-2500,1500.0,2500.0,2000.0,1000.0,Manufacturing & Production,Other
Sandėlininkas - prekių atrinkėjas Vilniuje,AB „ŽEMAITIJOS PIENAS“,Vilnius,1300,1300.0,,1300.0,0.0,Marketing & Communications,Other
Pardavimų vadybininkas (-ė),UAB „ALWARK“,Vilnius,1500-3000,1500.0,3000.0,2250.0,1500.0,Sales & Customer Service,Other
Aukštalipis (-ė),UAB „Alpinus LT“,Kaunas,1750-2900,1750.0,2900.0,2325.0,1150.0,Other,Other
Kūrybos dizaineris (-ė),AB „ŽEMAITIJOS PIENAS“,Šiauliai,3300-3700,3300.0,3700.0,3500.0,400.0,Design & UI/UX,Other
Kūrybos dizaineris (-ė),AB „ŽEMAITIJOS PIENAS“,Klaipėda,3300-3700,3300.0,3700.0,3500.0,400.0,Design & UI/UX,Other
Gamybos meistras (-ė),UAB „Medienos era“,Kaunas,From 2300,2300.0,,2300.0,0.0,Manufacturing & Production,Other
Kasininkė (-as),UAB „VSGA“,Klaipėda,1250-1400,1250.0,1400.0,1325.0,150.0,Other,Other
Pardavimo vadybininkas (-ė) telefonu pozicija,CITY SERVICE įmonių grupė,Šiauliai,1225-1800,1225.0,1800.0,1512.5,575.0,Sales & Customer Service,Other
PARDAVIMŲ VADYBININKAS (-Ė),UAB „Vlantana“,Vilnius,2500-3500,2500.0,3500.0,3000.0,1000.0,Sales & Customer Service,Other
PARDAVIMŲ VADYBININKAS (-Ė) (ACCOUNT MANAGER),BIOVELA GROUP,Vilnius,2455-2976,2455.0,2976.0,2715.5,521.0,Sales & Customer Service,Other
Marketingo vadybininkė (-as),UAB „Vidara“,Marijampolė,1000,1000.0,,1000.0,0.0,Sales & Customer Service,Other
Padavėja (-as) - pardavėja (-as),UAB „Avetus“,Vilnius,900,900.0,,900.0,0.0,Retail,Other
Išmaniųjų technologijų ekspertas Kaune,UAB „TELE2“,Kaunas,1200-4000,1200.0,4000.0,2600.0,2800.0,Manufacturing & Production,Other
Verslo klientų vadybininkas Kaune (klientų pritraukimas),UAB „TELE2“,Kaunas,1850-3000,1850.0,3000.0,2425.0,1150.0,Sales & Customer Service,Other
Verslo klientų vadybininkas Vilniuje (klientų pritraukimas),UAB „TELE2“,Vilnius,1850-3000,1850.0,3000.0,2425.0,1150.0,Sales & Customer Service,Other
Pardavimų vadybininkas Šilalėje,UAB „TELE2“,Šilalė,1200-4900,1200.0,4900.0,3050.0,3700.0,Sales & Customer Service,Other
Apsaugos darbuotojas (-a) statybos objekte,UAB „Ekskomisarų biuras“,Vilnius,1100-1300,1100.0,1300.0,1200.0,200.0,Security,Other
Apsaugos darbuotojas (-a) statybos objekte,UAB „Ekskomisarų biuras“,Vilnius,1100-1300,1100.0,1300.0,1200.0,200.0,Security,Other
Kebabų ruošėja (-as),UAB „Vydris“,Marijampolė,900-1300,900.0,1300.0,1100.0,400.0,Other,Other
Telemarketingo pardavimų vadybininkas Kaune,UAB „TELE2“,Kaunas,1300-2500,1300.0,2500.0,1900.0,1200.0,Sales & Customer Service,Other
Head of Product Development,UAB „Medicinos linija“,Šiauliai,3300-4500,3300.0,4500.0,3900.0,1200.0,Healthcare & Medical,Senior
Pardavimų komandos vadovas Vilniuje,UAB „TELE2“,Vilnius,2100-4000,2100.0,4000.0,3050.0,1900.0,IT Management,Other
Pardavimų vadybininkas Vilniuje,UAB „TELE2“,Vilnius,1200-4900,1200.0,4900.0,3050.0,3700.0,Sales & Customer Service,Other
Stalius (langų stiklinimas),"ARLANGA wood, UAB",Vilnius,1130-1500,1130.0,1500.0,1315.0,370.0,Other,Other
Verslo skyriaus vyr. specialistas (-ė),UAB „ALISA MANAGEMENT LABORATORY“,Alytus,1700-3000,1700.0,3000.0,2350.0,1300.0,Other,Senior
EKSPEDICIJOS VADYBININKAS,UAB „Truktransa“,Kaunas,1200-5000,1200.0,5000.0,3100.0,3800.0,Sales & Customer Service,Other
PARDAVIMŲ APSKAITOS SKYRIAUS VADOVAS (-Ė),BIOVELA GROUP,Utena,2000-3000,2000.0,3000.0,2500.0,1000.0,Sales & Customer Service,Other
JAUNESNYSIS (-IOJI) ŠVIEŽIOS MĖSOS TECHNOLOGAS (-Ė),BIOVELA GROUP,Utena,1400-1800,1400.0,1800.0,1600.0,400.0,Mobile Development,Junior
Autoelektrikas,UAB „AutoRC“,Šiauliai,From 800,800.0,,800.0,0.0,Other,Other
Tapk anglų kalbos mokytoja (-as)! Patirtis nebūtina | English Language Teacher,UAB „Intellectus kalbų centras“,Vilnius,16-21,2560.0,3360.0,2960.0,5.0,Education,Other
Naujų automobilių pardavimo vadybininkas (-ė),UAB „IVUANA“,Kaunas,1000-3000,1000.0,3000.0,2000.0,2000.0,Mobile Development,Other
TEISININKAS (-Ė),UAB „BnP Finance“,Vilnius,2000-3000,2000.0,3000.0,2500.0,1000.0,Finance & Accounting,Other
Vyresnysis teisininkas (-ė),ADB „Gjensidige“,Vilnius,2051-3077,2051.0,3077.0,2564.0,1026.0,Legal,Senior
Automobilių plovėjas,UAB „Autojuta“,Vilnius,1300-2600,1300.0,2600.0,1950.0,1300.0,Mobile Development,Other
Operatorius (-ė) - surinkėjas (-a),AQ Wiring Systems UAB,Panevėžys,1072-1900,1072.0,1900.0,1486.0,828.0,DevOps & Systems,Other
Informacinių technologijų ir ryšių saugumo specialistas (-ė),Lietuvos Respublikos ryšių reguliavimo tarnyba,Vilnius,2500-2850,2500.0,2850.0,2675.0,350.0,Security,Mid
MONTUOTOJAS (-A) - SUVIRINTOJAS (-A),INHUS,Vilnius,1500-1900,1500.0,1900.0,1700.0,400.0,Other,Other
Customer Success Specialist,UAB „ESTO“,Vilnius,1500-1800,1500.0,1800.0,1650.0,300.0,Sales & Customer Service,Mid
Registratorė (-ius) medicinos klinikoje Vilniuje,NORTHWAY ĮMONIŲ GRUPĖ,Vilnius,1898,1898.0,,1898.0,0.0,Healthcare & Medical,Other
Tapk anglų kalbos mokytoja (-as)! Patirtis nebūtina | English Language Teacher,UAB „Intellectus kalbų centras“,Kaunas,16-21,2560.0,3360.0,2960.0,5.0,Education,Other
Privačių namų tvarkytojas (-a) Švedijoje,UAB „Personalas“,Sweden,1900-2200,1900.0,2200.0,2050.0,300.0,HR & Administration,Other
Tapk anglų kalbos mokytoja (-as)! Patirtis nebūtina | English Language Teacher,UAB „Intellectus kalbų centras“,Klaipėda,16-21,2560.0,3360.0,2960.0,5.0,Education,Other
Teisininkas/-ė,UAB „Tyrens Lietuva“,Kaunas,3300-4000,3300.0,4000.0,3650.0,700.0,Legal,Other
Projektų vadovas (-ė),UAB „Omberg group“,Vilnius,5000-7000,5000.0,7000.0,6000.0,2000.0,IT Management,Other
Atliekų tvarkymo specialistas-kontrolierius,UAB „Panevėžio regiono atliekų tvarkymo centras“,Biržai,1671-1839,1671.0,1839.0,1755.0,168.0,Other,Mid
Apsaugos darbuotojas reagavimo ekipažai dirba po du,UAB „JUNGTIS“,Kaunas,1050-1350,1050.0,1350.0,1200.0,300.0,Security,Other
Buhalterė (-is),UAB „Biržų duona“,Biržai,1400,1400.0,,1400.0,0.0,Finance & Accounting,Other
Projektų vadovas (-ė),UAB „Betono mozaika“,Kaunas,2420-2720,2420.0,2720.0,2570.0,300.0,IT Management,Other
AUTOMATIKOS ĮRENGIMŲ DERINTOJAS,AB „Panevėžio stiklas“,Panevėžys,1100-1700,1100.0,1700.0,1400.0,600.0,Other,Other
Jaunesnysis IT konsultantas (-ė),UAB „RASO“,Vilnius,From 1160,1160.0,,1160.0,0.0,Sales & Customer Service,Junior
Statybos projekto vadovas,UAB „Baltijos pašvaistė“,Kaunas,3200-4600,3200.0,4600.0,3900.0,1400.0,Management,Other
Fasavimo linijų operatorius (-ė),"IKI Lietuva, UAB",Panevėžys,1100-1870,1100.0,1870.0,1485.0,770.0,Manufacturing & Production,Other
Saulės elektrinių montuotojas (-a),"Energroup, UAB",Vilnius,1800-3000,1800.0,3000.0,2400.0,1200.0,Other,Other
"„Outlet Space“ pardavėjai - konsultantai (0,5 – 0,75 et.) PC „Vilnius Outlet“, (PILAITĖ)",„Aprangos“ grupė,Vilnius,600-1130,600.0,1130.0,865.0,530.0,Sales & Customer Service,Other
PAMAINOS VYRESNYSIS (-IOJI) (DARBAS SANDĖLYJE),Sanitex įmonių grupė,Kaunas,1200-1500,1200.0,1500.0,1350.0,300.0,Logistics & Transport,Senior
Stogų plovėjas Švedijoje,UAB „Personalas“,Sweden,2000-2500,2000.0,2500.0,2250.0,500.0,HR & Administration,Other
"Pardavėjas (-a) - barista, Vilnius (Vilnius Outlet)",UAB „Biržų duona“,Vilnius,900-1050,900.0,1050.0,975.0,150.0,Retail,Other
Siūlome darbą sushi meistrams MANAMI restorane!,Amber Food grupė,Šiauliai,6,960.0,153600.0,960.0,0.0,Food Service,Other
Įrengimų operatorius (apmokome),UAB „Vilkritis“,Vilnius,From 1150,1150.0,,1150.0,0.0,Manufacturing & Production,Other
Technikas (-ė) - mechanikas (-ė),UAB „KB Components“,Kaunas,From 1000,1000.0,,1000.0,0.0,Engineering,Other
Pastatų apšiltintojas,UAB „Termoputa“,Šiauliai,800-1300,800.0,1300.0,1050.0,500.0,Other,Other
Procurement Manager (Photonics/ Laser optics),UAB „ALTECHNA“,Vilnius,1800-2800,1800.0,2800.0,2300.0,1000.0,Management,Other
"PARDAVĖJA (-AS) - KONSULTANTĖ (-AS) PC Panorama 0,75 etatu",AUDIMAS įmonių grupė,Vilnius,825-1200,825.0,1200.0,1012.5,375.0,Sales & Customer Service,Other
Transporto vadybininkas (-ė),UAB „Finėjas“,Vilnius,From 1600,1600.0,,1600.0,0.0,Sales & Customer Service,Other
Data Governance and Architecture Lead,UAB „DPD Lietuva“,Vilnius,5000-7000,5000.0,7000.0,6000.0,2000.0,Data & Analytics,Senior
Projektų vadovė (-as) (Turto realizavimas),LTG,Vilnius,2785-4175,2785.0,4175.0,3480.0,1390.0,IT Management,Other
Studijų krypčių mokslo vadovas,Šv. Ignaco Lojolos Kolegija,Kaunas,1500,1500.0,,1500.0,0.0,Management,Other
Customer Integration and Data Management Specialist,„Cencora“,Vilnius,2485-3550,2485.0,3550.0,3017.5,1065.0,Data & Analytics,Mid
VEISLYNO KOORDINATORIUS (-Ė),"KIKA LT, UAB",Kaunas,1500-1900,1500.0,1900.0,1700.0,400.0,Other,Other
Dažymo linijos operatorius,UAB „Koloro“,Vilnius,From 1400,1400.0,,1400.0,0.0,Manufacturing & Production,Other
Didmenos skyriaus asistentas/-ė,UAB „KONFESTA“,Vilnius,2069-2455,2069.0,2455.0,2262.0,386.0,HR & Administration,Other
Turistinio autobuso vairuotojas,UAB „Meteorit Turas“,Vilnius,2000-2500,2000.0,2500.0,2250.0,500.0,Logistics & Transport,Other
"Klientų aptarnavimo specialistas (-ė) Panevėžio r., Krekenavoje",UAB „Viada LT“,Krekenava,1200-1400,1200.0,1400.0,1300.0,200.0,Sales & Customer Service,Mid
Infrastruktūros inžinierė (-ius) (techninė dokumentacija ir atitiktis),LTG,Vilnius,2330-3500,2330.0,3500.0,2915.0,1170.0,DevOps & Systems,Other
Klientų aptarnavimo skyriaus specialistas,UAB „Edukacija“,Kaunas,1500-1800,1500.0,1800.0,1650.0,300.0,Sales & Customer Service,Mid
Vairuotojų apskaitos vadybininkė (as),UAB „Vestex transport“,Kaunas,From 1100,1100.0,,1100.0,0.0,Sales & Customer Service,Other
Technikos vadybininkas (-ė),UAB „Vestex transport“,Kaunas,From 1200,1200.0,,1200.0,0.0,Sales & Customer Service,Other
Svarbių klientų vadybininkas (-ė) (Key Account Manager),ŽŪB „Nematekas“,Kaišiadorys,1600-2000,1600.0,2000.0,1800.0,400.0,Sales & Customer Service,Other
Klientų konsultavimo komandos vadovas (-ė),AB Vilniaus šilumos tinklai,Vilnius,3200-4700,3200.0,4700.0,3950.0,1500.0,IT Management,Other
Asistentas dažymo linijoje,UAB „Koloro“,Vilnius,From 1200,1200.0,,1200.0,0.0,HR & Administration,Other
Stalius,UAB „Įdarbinimo tarpininkavimo centras“,Kaunas,From 1700,1700.0,,1700.0,0.0,Other,Other
Pardavimų Vadybininkas (-ė),UAB „NP grupė“,Vilnius,1400-3200,1400.0,3200.0,2300.0,1800.0,Sales & Customer Service,Other
Elektrikas (-ė) PRANCŪZŲ KALBA,UAB „RNDV Group“,France,15-18,2400.0,2880.0,2640.0,3.0,Other,Other
Marketingo vadybininko asistentas (-ė),UAB „Alteus“,Vilnius,1600-2400,1600.0,2400.0,2000.0,800.0,Sales & Customer Service,Other
Prekių atrinkėjas (-a) - krovėjas (-a),UAB „Signeda“,Kaunas,1402-2095,1402.0,2095.0,1748.5,693.0,Marketing & Communications,Other
Prekių atrinkėjas (-a) - krovėjas (-a) slenkančiu grafiku,UAB „Signeda“,Kaunas,1501-2367,1501.0,2367.0,1934.0,866.0,Design & UI/UX,Other
Restobaro administratorė,UAB „Gaisrinė“,Klaipėda,5.50-7,880.0,1120.0,1000.0,1.5,DevOps & Systems,Other
"Kasininkas (-ė) - pardavėjas (-a),STOTIES G. 1,UKMERGĖ 0,5 ET.","IKI Lietuva, UAB",Ukmergė,525-582,525.0,582.0,553.5,57.0,Retail,Other
Gamybos administratoriaus asistentas,UAB „IF Concept“,Panevėžys,From 1000,1000.0,,1000.0,0.0,DevOps & Systems,Other
"Kasininkas (-ė) - pardavėjas (-a), NEMUNO G. 70-16, PANEVĖŽYS","IKI Lietuva, UAB",Panevėžys,1050-1165,1050.0,1165.0,1107.5,115.0,Retail,Other
Krautuvo vairuotojas (-a) Vokietijoje! Išvyk greitai ir gauk 150 Eur premiją!,UAB „Headex“,Germany,1900-2000,1900.0,2000.0,1950.0,100.0,Logistics & Transport,Other
"Pamainos vadovas (-ė), NEMUNO G. 70-16, PANEVĖŽYS","IKI Lietuva, UAB",Panevėžys,1100-1240,1100.0,1240.0,1170.0,140.0,Management,Other
Kokybės vadybininkas,UAB „Kitokia diena“,Klaipėda,1400-2000,1400.0,2000.0,1700.0,600.0,QA & Testing,Other
PARDAVIMŲ INŽINIERIUS,PART OF UMEGA GROUP,Ukmergė,From 2100,2100.0,,2100.0,0.0,Sales & Customer Service,Other
Inžinierius projektuotojas (PV Design Engineer),UAB „Detra Solar“,Vilnius,From 2400,2400.0,,2400.0,0.0,Design & UI/UX,Other
GAMYBOS PARUOŠIMO INŽINIERIUS,PART OF UMEGA GROUP,Ukmergė,From 2000,2000.0,,2000.0,0.0,Manufacturing & Production,Other
"PARDAVĖJA (-AS) - KONSULTANTĖ (-AS) (KAUNAS, AKROPOLIS)",UAB „Fliis Trade“,Kaunas,1100-2100,1100.0,2100.0,1600.0,1000.0,Sales & Customer Service,Other
"Kasininkas (-ė) - pardavėjas (-a), CHEMIKŲ G. 1-1, JONAVA","IKI Lietuva, UAB",Jonava,1050-1165,1050.0,1165.0,1107.5,115.0,Retail,Other
Elektrikas - Inžinierius - Mechanikas,UAB „Vilniaus skalbykla“,Vilnius,1500-2500,1500.0,2500.0,2000.0,1000.0,Manufacturing & Production,Other
Sandėlininkas - prekių atrinkėjas Vilniuje,AB „ŽEMAITIJOS PIENAS“,Vilnius,1300,1300.0,,1300.0,0.0,Marketing & Communications,Other
Pardavimų vadybininkas (-ė),UAB „ALWARK“,Vilnius,1500-3000,1500.0,3000.0,2250.0,1500.0,Sales & Customer Service,Other
Aukštalipis (-ė),UAB „Alpinus LT“,Kaunas,1750-2900,1750.0,2900.0,2325.0,1150.0,Other,Other
Kūrybos dizaineris (-ė),AB „ŽEMAITIJOS PIENAS“,Šiauliai,3300-3700,3300.0,3700.0,3500.0,400.0,Design & UI/UX,Other
Kūrybos dizaineris (-ė),AB „ŽEMAITIJOS PIENAS“,Klaipėda,3300-3700,3300.0,3700.0,3500.0,400.0,Design & UI/UX,Other
Gamybos meistras (-ė),UAB „Medienos era“,Kaunas,From 2300,2300.0,,2300.0,0.0,Manufacturing & Production,Other
Kasininkė (-as),UAB „VSGA“,Klaipėda,1250-1400,1250.0,1400.0,1325.0,150.0,Other,Other
Pardavimo vadybininkas (-ė) telefonu pozicija,CITY SERVICE įmonių grupė,Šiauliai,1225-1800,1225.0,1800.0,1512.5,575.0,Sales & Customer Service,Other
PARDAVIMŲ VADYBININKAS (-Ė),UAB „Vlantana“,Vilnius,2500-3500,2500.0,3500.0,3000.0,1000.0,Sales & Customer Service,Other
PARDAVIMŲ VADYBININKAS (-Ė) (ACCOUNT MANAGER),BIOVELA GROUP,Vilnius,2455-2976,2455.0,2976.0,2715.5,521.0,Sales & Customer Service,Other
Marketingo vadybininkė (-as),UAB „Vidara“,Marijampolė,1000,1000.0,,1000.0,0.0,Sales & Customer Service,Other
Padavėja (-as) - pardavėja (-as),UAB „Avetus“,Vilnius,900,900.0,,900.0,0.0,Retail,Other
Išmaniųjų technologijų ekspertas Kaune,UAB „TELE2“,Kaunas,1200-4000,1200.0,4000.0,2600.0,2800.0,Manufacturing & Production,Other
Verslo klientų vadybininkas Kaune (klientų pritraukimas),UAB „TELE2“,Kaunas,1850-3000,1850.0,3000.0,2425.0,1150.0,Sales & Customer Service,Other
Verslo klientų vadybininkas Vilniuje (klientų pritraukimas),UAB „TELE2“,Vilnius,1850-3000,1850.0,3000.0,2425.0,1150.0,Sales & Customer Service,Other
Pardavimų vadybininkas Šilalėje,UAB „TELE2“,Šilalė,1200-4900,1200.0,4900.0,3050.0,3700.0,Sales & Customer Service,Other
Apsaugos darbuotojas (-a) statybos objekte,UAB „Ekskomisarų biuras“,Vilnius,1100-1300,1100.0,1300.0,1200.0,200.0,Security,Other
Apsaugos darbuotojas (-a) statybos objekte,UAB „Ekskomisarų biuras“,Vilnius,1100-1300,1100.0,1300.0,1200.0,200.0,Security,Other
Kebabų ruošėja (-as),UAB „Vydris“,Marijampolė,900-1300,900.0,1300.0,1100.0,400.0,Other,Other
Telemarketingo pardavimų vadybininkas Kaune,UAB „TELE2“,Kaunas,1300-2500,1300.0,2500.0,1900.0,1200.0,Sales & Customer Service,Other
Head of Product Development,UAB „Medicinos linija“,Šiauliai,3300-4500,3300.0,4500.0,3900.0,1200.0,Healthcare & Medical,Senior
Pardavimų komandos vadovas Vilniuje,UAB „TELE2“,Vilnius,2100-4000,2100.0,4000.0,3050.0,1900.0,IT Management,Other
Pardavimų vadybininkas Vilniuje,UAB „TELE2“,Vilnius,1200-4900,1200.0,4900.0,3050.0,3700.0,Sales & Customer Service,Other
Stalius (langų stiklinimas),"ARLANGA wood, UAB",Vilnius,1130-1500,1130.0,1500.0,1315.0,370.0,Other,Other
Verslo skyriaus vyr. specialistas (-ė),UAB „ALISA MANAGEMENT LABORATORY“,Alytus,1700-3000,1700.0,3000.0,2350.0,1300.0,Other,Senior
EKSPEDICIJOS VADYBININKAS,UAB „Truktransa“,Kaunas,1200-5000,1200.0,5000.0,3100.0,3800.0,Sales & Customer Service,Other
PARDAVIMŲ APSKAITOS SKYRIAUS VADOVAS (-Ė),BIOVELA GROUP,Utena,2000-3000,2000.0,3000.0,2500.0,1000.0,Sales & Customer Service,Other
JAUNESNYSIS (-IOJI) ŠVIEŽIOS MĖSOS TECHNOLOGAS (-Ė),BIOVELA GROUP,Utena,1400-1800,1400.0,1800.0,1600.0,400.0,Mobile Development,Junior
Autoelektrikas,UAB „AutoRC“,Šiauliai,From 800,800.0,,800.0,0.0,Other,Other
Tapk anglų kalbos mokytoja (-as)! Patirtis nebūtina | English Language Teacher,UAB „Intellectus kalbų centras“,Vilnius,16-21,2560.0,3360.0,2960.0,5.0,Education,Other
Naujų automobilių pardavimo vadybininkas (-ė),UAB „IVUANA“,Kaunas,1000-3000,1000.0,3000.0,2000.0,2000.0,Mobile Development,Other
TEISININKAS (-Ė),UAB „BnP Finance“,Vilnius,2000-3000,2000.0,3000.0,2500.0,1000.0,Finance & Accounting,Other
Vyresnysis teisininkas (-ė),ADB „Gjensidige“,Vilnius,2051-3077,2051.0,3077.0,2564.0,1026.0,Legal,Senior
Automobilių plovėjas,UAB „Autojuta“,Vilnius,1300-2600,1300.0,2600.0,1950.0,1300.0,Mobile Development,Other
Operatorius (-ė) - surinkėjas (-a),AQ Wiring Systems UAB,Panevėžys,1072-1900,1072.0,1900.0,1486.0,828.0,DevOps & Systems,Other
Informacinių technologijų ir ryšių saugumo specialistas (-ė),Lietuvos Respublikos ryšių reguliavimo tarnyba,Vilnius,2500-2850,2500.0,2850.0,2675.0,350.0,Security,Mid
MONTUOTOJAS (-A) - SUVIRINTOJAS (-A),INHUS,Vilnius,1500-1900,1500.0,1900.0,1700.0,400.0,Other,Other
Customer Success Specialist,UAB „ESTO“,Vilnius,1500-1800,1500.0,1800.0,1650.0,300.0,Sales & Customer Service,Mid
Registratorė (-ius) medicinos klinikoje Vilniuje,NORTHWAY ĮMONIŲ GRUPĖ,Vilnius,1898,1898.0,,1898.0,0.0,Healthcare & Medical,Other
Tapk anglų kalbos mokytoja (-as)! Patirtis nebūtina | English Language Teacher,UAB „Intellectus kalbų centras“,Kaunas,16-21,2560.0,3360.0,2960.0,5.0,Education,Other
Privačių namų tvarkytojas (-a) Švedijoje,UAB „Personalas“,Sweden,1900-2200,1900.0,2200.0,2050.0,300.0,HR & Administration,Other
Tapk anglų kalbos mokytoja (-as)! Patirtis nebūtina | English Language Teacher,UAB „Intellectus kalbų centras“,Klaipėda,16-21,2560.0,3360.0,2960.0,5.0,Education,Other
Teisininkas/-ė,UAB „Tyrens Lietuva“,Kaunas,3300-4000,3300.0,4000.0,3650.0,700.0,Legal,Other
Projektų vadovas (-ė),UAB „Omberg group“,Vilnius,5000-7000,5000.0,7000.0,6000.0,2000.0,IT Management,Other
Atliekų tvarkymo specialistas-kontrolierius,UAB „Panevėžio regiono atliekų tvarkymo centras“,Biržai,1671-1839,1671.0,1839.0,1755.0,168.0,Other,Mid
Apsaugos darbuotojas reagavimo ekipažai dirba po du,UAB „JUNGTIS“,Kaunas,1050-1350,1050.0,1350.0,1200.0,300.0,Security,Other
Buhalterė (-is),UAB „Biržų duona“,Biržai,1400,1400.0,,1400.0,0.0,Finance & Accounting,Other
Projektų vadovas (-ė),UAB „Betono mozaika“,Kaunas,2420-2720,2420.0,2720.0,2570.0,300.0,IT Management,Other
AUTOMATIKOS ĮRENGIMŲ DERINTOJAS,AB „Panevėžio stiklas“,Panevėžys,1100-1700,1100.0,1700.0,1400.0,600.0,Other,Other
Jaunesnysis IT konsultantas (-ė),UAB „RASO“,Vilnius,From 1160,1160.0,,1160.0,0.0,Sales & Customer Service,Junior
Statybos projekto vadovas,UAB „Baltijos pašvaistė“,Kaunas,3200-4600,3200.0,4600.0,3900.0,1400.0,Management,Other
Fasavimo linijų operatorius (-ė),"IKI Lietuva, UAB",Panevėžys,1100-1870,1100.0,1870.0,1485.0,770.0,Manufacturing & Production,Other
Saulės elektrinių montuotojas (-a),"Energroup, UAB",Vilnius,1800-3000,1800.0,3000.0,2400.0,1200.0,Other,Other
"„Outlet Space“ pardavėjai - konsultantai (0,5 – 0,75 et.) PC „Vilnius Outlet“, (PILAITĖ)",„Aprangos“ grupė,Vilnius,600-1130,600.0,1130.0,865.0,530.0,Sales & Customer Service,Other
PAMAINOS VYRESNYSIS (-IOJI) (DARBAS SANDĖLYJE),Sanitex įmonių grupė,Kaunas,1200-1500,1200.0,1500.0,1350.0,300.0,Logistics & Transport,Senior
Stogų plovėjas Švedijoje,UAB „Personalas“,Sweden,2000-2500,2000.0,2500.0,2250.0,500.0,HR & Administration,Other
"Pardavėjas (-a) - barista, Vilnius (Vilnius Outlet)",UAB „Biržų duona“,Vilnius,900-1050,900.0,1050.0,975.0,150.0,Retail,Other
Siūlome darbą sushi meistrams MANAMI restorane!,Amber Food grupė,Šiauliai,6,960.0,153600.0,960.0,0.0,Food Service,Other
Įrengimų operatorius (apmokome),UAB „Vilkritis“,Vilnius,From 1150,1150.0,,1150.0,0.0,Manufacturing & Production,Other
Technikas (-ė) - mechanikas (-ė),UAB „KB Components“,Kaunas,From 1000,1000.0,,1000.0,0.0,Engineering,Other
Pastatų apšiltintojas,UAB „Termoputa“,Šiauliai,800-1300,800.0,1300.0,1050.0,500.0,Other,Other
Procurement Manager (Photonics/ Laser optics),UAB „ALTECHNA“,Vilnius,1800-2800,1800.0,2800.0,2300.0,1000.0,Management,Other
"PARDAVĖJA (-AS) - KONSULTANTĖ (-AS) PC Panorama 0,75 etatu",AUDIMAS įmonių grupė,Vilnius,825-1200,825.0,1200.0,1012.5,375.0,Sales & Customer Service,Other
Transporto vadybininkas (-ė),UAB „Finėjas“,Vilnius,From 1600,1600.0,,1600.0,0.0,Sales & Customer Service,Other
Data Governance and Architecture Lead,UAB „DPD Lietuva“,Vilnius,5000-7000,5000.0,7000.0,6000.0,2000.0,Data & Analytics,Senior
Projektų vadovė (-as) (Turto realizavimas),LTG,Vilnius,2785-4175,2785.0,4175.0,3480.0,1390.0,IT Management,Other
Studijų krypčių mokslo vadovas,Šv. Ignaco Lojolos Kolegija,Kaunas,1500,1500.0,,1500.0,0.0,Management,Other
Customer Integration and Data Management Specialist,„Cencora“,Vilnius,2485-3550,2485.0,3550.0,3017.5,1065.0,Data & Analytics,Mid
VEISLYNO KOORDINATORIUS (-Ė),"KIKA LT, UAB",Kaunas,1500-1900,1500.0,1900.0,1700.0,400.0,Other,Other
Dažymo linijos operatorius,UAB „Koloro“,Vilnius,From 1400,1400.0,,1400.0,0.0,Manufacturing & Production,Other
Didmenos skyriaus asistentas/-ė,UAB „KONFESTA“,Vilnius,2069-2455,2069.0,2455.0,2262.0,386.0,HR & Administration,Other
Turistinio autobuso vairuotojas,UAB „Meteorit Turas“,Vilnius,2000-2500,2000.0,2500.0,2250.0,500.0,Logistics & Transport,Other
"Klientų aptarnavimo specialistas (-ė) Panevėžio r., Krekenavoje",UAB „Viada LT“,Krekenava,1200-1400,1200.0,1400.0,1300.0,200.0,Sales & Customer Service,Mid
Infrastruktūros inžinierė (-ius) (techninė dokumentacija ir atitiktis),LTG,Vilnius,2330-3500,2330.0,3500.0,2915.0,1170.0,DevOps & Systems,Other
Klientų aptarnavimo skyriaus specialistas,UAB „Edukacija“,Kaunas,1500-1800,1500.0,1800.0,1650.0,300.0,Sales & Customer Service,Mid
Vairuotojų apskaitos vadybininkė (as),UAB „Vestex transport“,Kaunas,From 1100,1100.0,,1100.0,0.0,Sales & Customer Service,Other
Technikos vadybininkas (-ė),UAB „Vestex transport“,Kaunas,From 1200,1200.0,,1200.0,0.0,Sales & Customer Service,Other
Svarbių klientų vadybininkas (-ė) (Key Account Manager),ŽŪB „Nematekas“,Kaišiadorys,1600-2000,1600.0,2000.0,1800.0,400.0,Sales & Customer Service,Other
Klientų konsultavimo komandos vadovas (-ė),AB Vilniaus šilumos tinklai,Vilnius,3200-4700,3200.0,4700.0,3950.0,1500.0,IT Management,Other
Asistentas dažymo linijoje,UAB „Koloro“,Vilnius,From 1200,1200.0,,1200.0,0.0,HR & Administration,Other
Stalius,UAB „Įdarbinimo tarpininkavimo centras“,Kaunas,From 1700,1700.0,,1700.0,0.0,Other,Other
Pardavimų Vadybininkas (-ė),UAB „NP grupė“,Vilnius,1400-3200,1400.0,3200.0,2300.0,1800.0,Sales & Customer Service,Other
Elektrikas (-ė) PRANCŪZŲ KALBA,UAB „RNDV Group“,France,15-18,2400.0,2880.0,2640.0,3.0,Other,Other
Marketingo vadybininko asistentas (-ė),UAB „Alteus“,Vilnius,1600-2400,1600.0,2400.0,2000.0,800.0,Sales & Customer Service,Other
Prekių atrinkėjas (-a) - krovėjas (-a),UAB „Signeda“,Kaunas,1402-2095,1402.0,2095.0,1748.5,693.0,Marketing & Communications,Other
Prekių atrinkėjas (-a) - krovėjas (-a) slenkančiu grafiku,UAB „Signeda“,Kaunas,1501-2367,1501.0,2367.0,1934.0,866.0,Design & UI/UX,Other
Restobaro administratorė,UAB „Gaisrinė“,Klaipėda,5.50-7,880.0,1120.0,1000.0,1.5,DevOps & Systems,Other
"Kasininkas (-ė) - pardavėjas (-a),STOTIES G. 1,UKMERGĖ 0,5 ET.","IKI Lietuva, UAB",Ukmergė,525-582,525.0,582.0,553.5,57.0,Retail,Other
Gamybos administratoriaus asistentas,UAB „IF Concept“,Panevėžys,From 1000,1000.0,,1000.0,0.0,DevOps & Systems,Other
"Kasininkas (-ė) - pardavėjas (-a), NEMUNO G. 70-16, PANEVĖŽYS","IKI Lietuva, UAB",Panevėžys,1050-1165,1050.0,1165.0,1107.5,115.0,Retail,Other
Krautuvo vairuotojas (-a) Vokietijoje! Išvyk greitai ir gauk 150 Eur premiją!,UAB „Headex“,Germany,1900-2000,1900.0,2000.0,1950.0,100.0,Logistics & Transport,Other
"Pamainos vadovas (-ė), NEMUNO G. 70-16, PANEVĖŽYS","IKI Lietuva, UAB",Panevėžys,1100-1240,1100.0,1240.0,1170.0,140.0,Management,Other
Kokybės vadybininkas,UAB „Kitokia diena“,Klaipėda,1400-2000,1400.0,2000.0,1700.0,600.0,QA & Testing,Other
PARDAVIMŲ INŽINIERIUS,PART OF UMEGA GROUP,Ukmergė,From 2100,2100.0,,2100.0,0.0,Sales & Customer Service,Other
Inžinierius projektuotojas (PV Design Engineer),UAB „Detra Solar“,Vilnius,From 2400,2400.0,,2400.0,0.0,Design & UI/UX,Other
GAMYBOS PARUOŠIMO INŽINIERIUS,PART OF UMEGA GROUP,Ukmergė,From 2000,2000.0,,2000.0,0.0,Manufacturing & Production,Other
"PARDAVĖJA (-AS) - KONSULTANTĖ (-AS) (KAUNAS, AKROPOLIS)",UAB „Fliis Trade“,Kaunas,1100-2100,1100.0,2100.0,1600.0,1000.0,Sales & Customer Service,Other
"Kasininkas (-ė) - pardavėjas (-a), CHEMIKŲ G. 1-1, JONAVA","IKI Lietuva, UAB",Jonava,1050-1165,1050.0,1165.0,1107.5,115.0,Retail,Other
Elektrikas - Inžinierius - Mechanikas,UAB „Vilniaus skalbykla“,Vilnius,1500-2500,1500.0,2500.0,2000.0,1000.0,Manufacturing & Production,Other
Sandėlininkas - prekių atrinkėjas Vilniuje,AB „ŽEMAITIJOS PIENAS“,Vilnius,1300,1300.0,,1300.0,0.0,Marketing & Communications,Other
Pardavimų vadybininkas (-ė),UAB „ALWARK“,Vilnius,1500-3000,1500.0,3000.0,2250.0,1500.0,Sales & Customer Service,Other
Aukštalipis (-ė),UAB „Alpinus LT“,Kaunas,1750-2900,1750.0,2900.0,2325.0,1150.0,Other,Other
Kūrybos dizaineris (-ė),AB „ŽEMAITIJOS PIENAS“,Šiauliai,3300-3700,3300.0,3700.0,3500.0,400.0,Design & UI/UX,Other
Kūrybos dizaineris (-ė),AB „ŽEMAITIJOS PIENAS“,Klaipėda,3300-3700,3300.0,3700.0,3500.0,400.0,Design & UI/UX,Other
Gamybos meistras (-ė),UAB „Medienos era“,Kaunas,From 2300,2300.0,,2300.0,0.0,Manufacturing & Production,Other
Kasininkė (-as),UAB „VSGA“,Klaipėda,1250-1400,1250.0,1400.0,1325.0,150.0,Other,Other
Pardavimo vadybininkas (-ė) telefonu pozicija,CITY SERVICE įmonių grupė,Šiauliai,1225-1800,1225.0,1800.0,1512.5,575.0,Sales & Customer Service,Other
PARDAVIMŲ VADYBININKAS (-Ė),UAB „Vlantana“,Vilnius,2500-3500,2500.0,3500.0,3000.0,1000.0,Sales & Customer Service,Other
PARDAVIMŲ VADYBININKAS (-Ė) (ACCOUNT MANAGER),BIOVELA GROUP,Vilnius,2455-2976,2455.0,2976.0,2715.5,521.0,Sales & Customer Service,Other
Marketingo vadybininkė (-as),UAB „Vidara“,Marijampolė,1000,1000.0,,1000.0,0.0,Sales & Customer Service,Other
Padavėja (-as) - pardavėja (-as),UAB „Avetus“,Vilnius,900,900.0,,900.0,0.0,Retail,Other
Išmaniųjų technologijų ekspertas Kaune,UAB „TELE2“,Kaunas,1200-4000,1200.0,4000.0,2600.0,2800.0,Manufacturing & Production,Other
Verslo klientų vadybininkas Kaune (klientų pritraukimas),UAB „TELE2“,Kaunas,1850-3000,1850.0,3000.0,2425.0,1150.0,Sales & Customer Service,Other
Verslo klientų vadybininkas Vilniuje (klientų pritraukimas),UAB „TELE2“,Vilnius,1850-3000,1850.0,3000.0,2425.0,1150.0,Sales & Customer Service,Other
Pardavimų vadybininkas Šilalėje,UAB „TELE2“,Šilalė,1200-4900,1200.0,4900.0,3050.0,3700.0,Sales & Customer Service,Other
Apsaugos darbuotojas (-a) statybos objekte,UAB „Ekskomisarų biuras“,Vilnius,1100-1300,1100.0,1300.0,1200.0,200.0,Security,Other
Apsaugos darbuotojas (-a) statybos objekte,UAB „Ekskomisarų biuras“,Vilnius,1100-1300,1100.0,1300.0,1200.0,200.0,Security,Other
Apsaugos darbuotojas (-a) statybos objekte,UAB „Ekskomisarų biuras“,Vilnius,1100-1300,1100.0,1300.0,1200.0,200.0,Security,Other
Kebabų ruošėja (-as),UAB „Vydris“,Marijampolė,900-1300,900.0,1300.0,1100.0,400.0,Other,Other
Telemarketingo pardavimų vadybininkas Kaune,UAB „TELE2“,Kaunas,1300-2500,1300.0,2500.0,1900.0,1200.0,Sales & Customer Service,Other
Head of Product Development,UAB „Medicinos linija“,Šiauliai,3300-4500,3300.0,4500.0,3900.0,1200.0,Healthcare & Medical,Senior
Pardavimų komandos vadovas Vilniuje,UAB „TELE2“,Vilnius,2100-4000,2100.0,4000.0,3050.0,1900.0,IT Management,Other
Pardavimų vadybininkas Vilniuje,UAB „TELE2“,Vilnius,1200-4900,1200.0,4900.0,3050.0,3700.0,Sales & Customer Service,Other
Stalius (langų stiklinimas),"ARLANGA wood, UAB",Vilnius,1130-1500,1130.0,1500.0,1315.0,370.0,Other,Other
Verslo skyriaus vyr. specialistas (-ė),UAB „ALISA MANAGEMENT LABORATORY“,Alytus,1700-3000,1700.0,3000.0,2350.0,1300.0,Other,Senior
EKSPEDICIJOS VADYBININKAS,UAB „Truktransa“,Kaunas,1200-5000,1200.0,5000.0,3100.0,3800.0,Sales & Customer Service,Other
PARDAVIMŲ APSKAITOS SKYRIAUS VADOVAS (-Ė),BIOVELA GROUP,Utena,2000-3000,2000.0,3000.0,2500.0,1000.0,Sales & Customer Service,Other
JAUNESNYSIS (-IOJI) ŠVIEŽIOS MĖSOS TECHNOLOGAS (-Ė),BIOVELA GROUP,Utena,1400-1800,1400.0,1800.0,1600.0,400.0,Mobile Development,Junior
Autoelektrikas,UAB „AutoRC“,Šiauliai,From 800,800.0,,800.0,0.0,Other,Other
Tapk anglų kalbos mokytoja (-as)! Patirtis nebūtina | English Language Teacher,UAB „Intellectus kalbų centras“,Vilnius,16-21,2560.0,3360.0,2960.0,5.0,Education,Other
Naujų automobilių pardavimo vadybininkas (-ė),UAB „IVUANA“,Kaunas,1000-3000,1000.0,3000.0,2000.0,2000.0,Mobile Development,Other
TEISININKAS (-Ė),UAB „BnP Finance“,Vilnius,2000-3000,2000.0,3000.0,2500.0,1000.0,Finance & Accounting,Other
Vyresnysis teisininkas (-ė),ADB „Gjensidige“,Vilnius,2051-3077,2051.0,3077.0,2564.0,1026.0,Legal,Senior
Automobilių plovėjas,UAB „Autojuta“,Vilnius,1300-2600,1300.0,2600.0,1950.0,1300.0,Mobile Development,Other
Operatorius (-ė) - surinkėjas (-a),AQ Wiring Systems UAB,Panevėžys,1072-1900,1072.0,1900.0,1486.0,828.0,DevOps & Systems,Other
Informacinių technologijų ir ryšių saugumo specialistas (-ė),Lietuvos Respublikos ryšių reguliavimo tarnyba,Vilnius,2500-2850,2500.0,2850.0,2675.0,350.0,Security,Mid
MONTUOTOJAS (-A) - SUVIRINTOJAS (-A),INHUS,Vilnius,1500-1900,1500.0,1900.0,1700.0,400.0,Other,Other
Customer Success Specialist,UAB „ESTO“,Vilnius,1500-1800,1500.0,1800.0,1650.0,300.0,Sales & Customer Service,Mid
Registratorė (-ius) medicinos klinikoje Vilniuje,NORTHWAY ĮMONIŲ GRUPĖ,Vilnius,1898,1898.0,,1898.0,0.0,Healthcare & Medical,Other
Tapk anglų kalbos mokytoja (-as)! Patirtis nebūtina | English Language Teacher,UAB „Intellectus kalbų centras“,Kaunas,16-21,2560.0,3360.0,2960.0,5.0,Education,Other
Privačių namų tvarkytojas (-a) Švedijoje,UAB „Personalas“,Sweden,1900-2200,1900.0,2200.0,2050.0,300.0,HR & Administration,Other
Tapk anglų kalbos mokytoja (-as)! Patirtis nebūtina | English Language Teacher,UAB „Intellectus kalbų centras“,Klaipėda,16-21,2560.0,3360.0,2960.0,5.0,Education,Other
Teisininkas/-ė,UAB „Tyrens Lietuva“,Kaunas,3300-4000,3300.0,4000.0,3650.0,700.0,Legal,Other
Projektų vadovas (-ė),UAB „Omberg group“,Vilnius,5000-7000,5000.0,7000.0,6000.0,2000.0,IT Management,Other
Atliekų tvarkymo specialistas-kontrolierius,UAB „Panevėžio regiono atliekų tvarkymo centras“,Biržai,1671-1839,1671.0,1839.0,1755.0,168.0,Other,Mid
Apsaugos darbuotojas reagavimo ekipažai dirba po du,UAB „JUNGTIS“,Kaunas,1050-1350,1050.0,1350.0,1200.0,300.0,Security,Other
Buhalterė (-is),UAB „Biržų duona“,Biržai,1400,1400.0,,1400.0,0.0,Finance & Accounting,Other
Projektų vadovas (-ė),UAB „Betono mozaika“,Kaunas,2420-2720,2420.0,2720.0,2570.0,300.0,IT Management,Other
AUTOMATIKOS ĮRENGIMŲ DERINTOJAS,AB „Panevėžio stiklas“,Panevėžys,1100-1700,1100.0,1700.0,1400.0,600.0,Other,Other
Jaunesnysis IT konsultantas (-ė),UAB „RASO“,Vilnius,From 1160,1160.0,,1160.0,0.0,Sales & Customer Service,Junior
Statybos projekto vadovas,UAB „Baltijos pašvaistė“,Kaunas,3200-4600,3200.0,4600.0,3900.0,1400.0,Management,Other
Fasavimo linijų operatorius (-ė),"IKI Lietuva, UAB",Panevėžys,1100-1870,1100.0,1870.0,1485.0,770.0,Manufacturing & Production,Other
Saulės elektrinių montuotojas (-a),"Energroup, UAB",Vilnius,1800-3000,1800.0,3000.0,2400.0,1200.0,Other,Other
"„Outlet Space“ pardavėjai - konsultantai (0,5 – 0,75 et.) PC „Vilnius Outlet“, (PILAITĖ)",„Aprangos“ grupė,Vilnius,600-1130,600.0,1130.0,865.0,530.0,Sales & Customer Service,Other
PAMAINOS VYRESNYSIS (-IOJI) (DARBAS SANDĖLYJE),Sanitex įmonių grupė,Kaunas,1200-1500,1200.0,1500.0,1350.0,300.0,Logistics & Transport,Senior
Stogų plovėjas Švedijoje,UAB „Personalas“,Sweden,2000-2500,2000.0,2500.0,2250.0,500.0,HR & Administration,Other
"Pardavėjas (-a) - barista, Vilnius (Vilnius Outlet)",UAB „Biržų duona“,Vilnius,900-1050,900.0,1050.0,975.0,150.0,Retail,Other
Siūlome darbą sushi meistrams MANAMI restorane!,Amber Food grupė,Šiauliai,6,960.0,153600.0,960.0,0.0,Food Service,Other
Įrengimų operatorius (apmokome),UAB „Vilkritis“,Vilnius,From 1150,1150.0,,1150.0,0.0,Manufacturing & Production,Other
Technikas (-ė) - mechanikas (-ė),UAB „KB Components“,Kaunas,From 1000,1000.0,,1000.0,0.0,Engineering,Other
Pastatų apšiltintojas,UAB „Termoputa“,Šiauliai,800-1300,800.0,1300.0,1050.0,500.0,Other,Other
Procurement Manager (Photonics/ Laser optics),UAB „ALTECHNA“,Vilnius,1800-2800,1800.0,2800.0,2300.0,1000.0,Management,Other
"PARDAVĖJA (-AS) - KONSULTANTĖ (-AS) PC Panorama 0,75 etatu",AUDIMAS įmonių grupė,Vilnius,825-1200,825.0,1200.0,1012.5,375.0,Sales & Customer Service,Other
Transporto vadybininkas (-ė),UAB „Finėjas“,Vilnius,From 1600,1600.0,,1600.0,0.0,Sales & Customer Service,Other
Data Governance and Architecture Lead,UAB „DPD Lietuva“,Vilnius,5000-7000,5000.0,7000.0,6000.0,2000.0,Data & Analytics,Senior
