Title;Company;Location;Salary;Seniority;Published;Expires;Skills
Senior Software Engineer;CAST AI Baltic, UAB;Vilnius / Remote;€ 6500 – 9000;Senior;11 days ago;2025.05.19;go, kubernetes, aws, azure, gcp, ai, devops, ci/cd
Senior Backend Engineer, Devex Platform;Wix.com, UAB;Vilnius;€ 5000 – 8000;Senior;23 days ago;2025.05.23;go, ai, ci/cd
Brand and Web Designer - Design Hub Vilnius;Wix.com, UAB;Vilnius;€ 3000 – 5500;N/A;23 days ago;2025.05.23;git
Frontend Engineer - Wix Emails;Wix.com, UAB;Vilnius;€ 5000 – 8000;N/A;23 days ago;2025.05.23;N/A
Design Team Lead – Vilnius Design Studio;Wix.com, UAB;Vilnius;€ 4500 – 5500;Senior;28 days ago;2025.05.18;ai
Senior Java Engineer;Danske Bank Lithuania;Vilnius;€ 4560 – 6840;Senior;7 minutes ago;2025.06.15;go, ai, devops, ci/cd, rest api
.NET Engineer in Housing Journeys Tribe;Danske Bank Lithuania;Vilnius;€ 3520 – 5280;N/A;about 1 hour ago;2025.06.15;c#, go, agile
Platform Engineer;Quadigi, UAB;Kaunas;€ 3800 – 6300;N/A;about 2 hours ago;2025.06.15;python, c++, go, ai, ci/cd, jenkins, linux
Tech Architect;ERGO Insurance SE Lietuvos filialas;Vilnius / Remote;€ 4500 – 5500;N/A;about 2 hours ago;2025.06.15;N/A
Senior .NET Software Engineer in Cards Domain;Danske Bank Lithuania;Vilnius;€ 4560 – 6840;Senior;about 3 hours ago;2025.06.02;c#, go, sql, kubernetes, terraform, ai, ci/cd, kafka
Java programuotojas (-a);Regitra, AB;Vilnius;€ 2500 – 3300;N/A;Renewed about 4 hours ago;2025.05.29;N/A
Telecom Engineer Ukraine;Belam - Riga SIA;Vilnius;€ 3000;N/A;Renewed about 8 hours ago;2025.05.25;N/A
Senior Full Stack Developer in Process Information Management;Danske Bank Lithuania;Vilnius;€ 4400 – 6600;Senior;Renewed about 8 hours ago;2025.06.10;aws, azure, ai, ci/cd
Full Stack Developer in Process Information Management;Danske Bank Lithuania;Vilnius;€ 3440 – 5160;N/A;Renewed about 8 hours ago;2025.06.10;aws, azure, ai, ci/cd
Senior Software Engineer (.NET) in Markets Analytics Platform Tribe;Danske Bank Lithuania;Vilnius;€ 4560 – 6840;Senior;Renewed about 8 hours ago;2025.06.10;go, ai
Senior IT Solution Architect for Pay Transparency Program;Danske Bank Lithuania;Vilnius;€ 5440 – 8160;Senior;Renewed about 8 hours ago;2025.06.04;go, agile
Product Security Tool Developer;Quadigi, UAB;Kaunas / Remote;€ 3000 – 5000;N/A;about 18 hours ago;2025.06.14;python, java, javascript, html, css, vue, docker, ai, rest api
HSE Manager;SIA Aerones Engineering;Latvia;€ 3500 – 4000;N/A;Renewed about 19 hours ago;2025.06.06;ai
Jaunesnioji (-ysis) tinklų inžinierė (-ius);LTG;Vilnius;€ 2590 – 3890;N/A;about 19 hours ago;2025.05.29;N/A
Senior Business Analyst for Data Platform Tribe;Danske Bank Lithuania;Vilnius;€ 3600 – 5400;Senior;about 19 hours ago;2025.06.12;go
Senior Business Analyst for Data Platform Tribe;Danske Bank Lithuania;Vilnius;€ 3600 – 5400;Senior;about 19 hours ago;2025.06.12;go
Informacinių technologijų sistemų administratorius (-ė);Lietuvos Respublikos valstybinis patentų biuras;Vilnius / Remote;€ 1807 – 2718;N/A;Renewed about 20 hours ago;2025.05.24;N/A
Vyr. projektų vadovas (-ė) (paslaugų standartizavimui);Registrų centras, VĮ;Vilnius;€ 3161 – 4741;N/A;about 21 hours ago;2025.06.14;N/A
.NET Software Engineer in Wealth Planning and Investments Tribe;Danske Bank Lithuania;Vilnius;€ 3520 – 5280;N/A;Renewed about 22 hours ago;2025.06.06;sql, agile
Verslo sistemų vystymo skyriaus vadovas (-ė);UAB ILTE;Vilnius;€ 4300 – 6300;N/A;about 22 hours ago;2025.06.14;N/A
IS infrastruktūros skyriaus vadovas (-ė);UAB ILTE;Vilnius;€ 4300 – 6300;N/A;about 22 hours ago;2025.06.14;N/A
Duomenų inžinerijos ir analitikos skyriaus vadovas (-ė);UAB ILTE;Vilnius;€ 4300 – 6300;N/A;about 22 hours ago;2025.06.14;N/A
Digital Solutions Project Manager;ERGO Insurance SE Lietuvos filialas;Vilnius / Remote;€ 2800 – 3200;N/A;1 day ago;2025.06.08;N/A
Informacinių sistemų analitikas (-ė);Lietuvos sveikatos mokslų universiteto ligoninė Kauno klinikos;Kaunas;€ 1900 – 3500;N/A;1 day ago;2025.06.14;N/A
Vyr. BC Programuotojas (-a);Indigroup;Vilnius / Remote;€ 3750 – 6000;N/A;1 day ago;2025.06.14;N/A
Team Lead in IT Department;Lietuvos draudimas, AB;Vilnius;€ 5000 – 6300;Senior;1 day ago;2025.06.14;agile, scrum
Full-stack (.NET/Angular) Developer for Visma Business NXT team;Visma Tech, UAB;Vilnius / Remote;€ 3600 – 5000;N/A;1 day ago;2025.06.14;go
Go Developer (Travel and Transportation sphere);Coherent Solutions, UAB;Vilnius / Remote;€ 4000;N/A;Renewed 1 day ago;2025.05.17;go, terraform, ai
Angular Developer (Diagnostic Solutions);Coherent Solutions, UAB;Vilnius / Remote;€ 2000;N/A;Renewed 1 day ago;2025.05.16;sql, react, angular, aws, azure, ai
Išmanių namų inžinierius (-ė);Išmanaus namo sprendimai, UAB;Kaunas / Remote;€ 1699 – 3900;N/A;1 day ago;2025.06.14;N/A
R&D Manager;Yamsoft, UAB;Kaunas / Remote;€ 3500 – 6000;N/A;2 days ago;2025.06.13;c#, go, react, node.js, machine learning, ai, data science, devops, agile
.NET Developer;Yamsoft, UAB;Kaunas / Remote;€ 3000 – 5000;N/A;2 days ago;2025.06.13;N/A
ŽMONIŲ DUOMENŲ ANALITIKĖ (-AS);Ignitis Group;Vilnius;€ 2666 – 3999;N/A;2 days ago;2025.05.30;N/A
Senior Salesforce Developer;Accenture;Vilnius;€ 3600 – 5500;Senior;Renewed 2 days ago;2025.06.06;N/A
Java Technical Lead for Business to Government Unit;Baltic Amadeus, UAB;Vilnius / Remote;€ 4500 – 5500;Senior;2 days ago;2025.06.13;N/A
Senior Data Engineer;Indigroup;Vilnius;€ 5000 – 6000;Senior;2 days ago;2025.06.13;N/A
Sistemos ekspertė (-as);LTG;Vilnius;€ 2485 – 3725;N/A;2 days ago;2025.06.13;N/A
Vyr. testuotojas (-a) / Senior tester;Registrų centras, VĮ;Vilnius;€ 2376 – 3564;Senior;2 days ago;2025.06.02;N/A
Saugumo procesų vadybininkas (-ė);Oro navigacija, AB;Vilnius / Remote;€ 3100 – 3602;N/A;2 days ago;2025.06.13;N/A
Kompetencijų centro pilotas(-ė) – operatorius(-ė) (20 val./per savaitę);Oro navigacija, AB;Vilnius;€ 1032 – 1194;N/A;2 days ago;2025.06.13;N/A
DYNAMICS 365 FINANCE AND OPERATIONS (AX) KONSULTANTĖ (-AS);Ignitis Group;Vilnius;€ 3066 – 4599;N/A;2 days ago;2025.05.31;N/A
Senior Systems Engineer - Windows Server;Moody's;Vilnius;€ 4200 – 6700;Senior;2 days ago;2025.06.13;aws, azure, ansible, ai, windows server, dns
Flight Software Engineer;SIA Origin Robotics;Latvia;€ 3000 – 6000;N/A;2 days ago;2025.06.13;python, c++, ai
Finansų tarnybos Duomenų analizės skyriaus vyriausiasis (-ioji) analitikas (-ė);Mykolo Romerio Universitetas;Vilnius;€ 1992 – 2696;N/A;2 days ago;2025.06.13;N/A
Analitikas (-ė);VšĮ Medijų rėmimo fondas;Vilnius / Remote;€ 2200 – 2600;N/A;2 days ago;2025.05.28;N/A
Vyr. duomenų analitikas (-ė) (statistikos, duomenų mokslo sritys);Registrų centras, VĮ;Lithuania / Remote;€ 2628 – 3942;N/A;2 days ago;2025.06.13;N/A
IT TESTUOTOJA (-AS);Ignitis Group;Vilnius;€ 2240 – 3361;N/A;2 days ago;2025.06.13;N/A
Įmonės direktorius (-ė) (IT paslaugas teikianti įmonė);Personalo valdymo inovacijos, UAB;Vilnius;€ 8265 – 10744;N/A;Renewed 2 days ago;2025.05.23;N/A
Tech Lead / Solution Architect in Mobile Team | SEB, Vilnius;SEB;Vilnius;€ 4350 – 6550;Senior;3 days ago;2025.06.15;N/A
B2B Sales Manager;Sopena Group (Baltic);Vilnius;€ 2000 – 3500;N/A;3 days ago;2025.06.12;N/A
IT ANALITIKĖ (-AS);Ignitis Group;Vilnius;€ 2379 – 3568;N/A;3 days ago;2025.06.12;N/A
INTEGRACIJŲ INŽINERIJOS PLĖTROS VADOVĖ (-AS) (SCRUM MASTER);Ignitis Group;Vilnius;€ 3466 – 5199;N/A;3 days ago;2025.05.30;N/A
Vyriausiasis finansinių rizikų analitikas - modeliuotojas (-a);UAB ILTE;Vilnius;€ 4000 – 4800;N/A;3 days ago;2025.06.12;N/A
Finansinių rizikų analitikas - modeliuotojas (-a);UAB ILTE;Vilnius;€ 3000 – 3800;N/A;3 days ago;2025.06.12;N/A
Produkto vadovas (-ė) (MS Dynamics 365 Business central);Registrų centras, VĮ;Vilnius;€ 2628 – 3942;N/A;3 days ago;2025.06.12;N/A
Back-End Engineer (fixed term);Kilo Health - UAB Kilo grupė;Vilnius / Remote;€ 5000 – 7000;N/A;3 days ago;2025.06.12;php, sql, mysql, postgresql, spark
Finance System Administrator;People Link, UAB;Kaunas;€ 2900 – 3600;N/A;3 days ago;2025.06.12;N/A
SENIOR INFRASTRUCTURE ADMINISTRATOR (F/M/D);Ignitis Group;Kaunas;€ 2641 – 3962;Senior;3 days ago;2025.05.28;docker, kubernetes, azure, ai, git, linux
SENIOR INFRASTRUCTURE ADMINISTRATOR (F/M/D);Ignitis Group;Kaunas;€ 2641 – 3962;Senior;3 days ago;2025.05.28;docker, kubernetes, azure, ai, git, linux
Duomenų tinklo administratorė (-ius);EPSO-G įmonių grupė;Vilnius;€ 3300 – 4200;N/A;3 days ago;2025.06.12;N/A
Embedded Software Developer;Light Conversion, UAB;Vilnius;€ 3000 – 5600;N/A;Renewed 3 days ago;2025.06.05;c++
ETL programuotojas(-a)/ duomenų inžinierius(-ė);Paspara, UAB;Vilnius / Remote;€ 2500 – 4200;N/A;3 days ago;2025.06.12;N/A
Pardavimų projektų vadovas (-ė);Novian Pro;Vilnius;€ 2900 – 3600;N/A;3 days ago;2025.06.12;N/A
IT Vyresnysis specialistas (-ė);Vilniaus universiteto ligoninės Santaros klinikos;Vilnius;€ 3000;N/A;4 days ago;2025.06.11;N/A
SENIOR INFRASTRUCTURE ADMINISTRATOR (F/M/D);Ignitis Group;Kaunas;€ 2641 – 3962;Senior;4 days ago;2025.05.28;docker, kubernetes, azure, ai, git, linux
IT paslaugas teikiančios įmonės vadovas;Personalo valdymo inovacijos, UAB;Vilnius;€ 8265 – 10744;N/A;Renewed 4 days ago;2025.05.28;N/A
Senior RPA developer;Cognizant Lietuva;Vilnius;€ 4050 – 5130;Senior;4 days ago;2025.06.11;N/A
System Developer (RPA);Cognizant Lietuva;Vilnius;€ 3500 – 4420;N/A;4 days ago;2025.06.11;N/A
Mid/Senior C++/Qt Engineer;Quadigi, UAB;Kauno apskritis / Remote;€ 3500 – 6300;Senior;4 days ago;2025.06.11;go, ai
Senior/Principal C++/Qt Engineer;Quadigi, UAB;Kaunas / Remote;€ 4000 – 6800;Senior;4 days ago;2025.06.11;go, ai
Data Engineer;Avia Solutions Group;Vilnius / Remote;€ 3350 – 5000;N/A;4 days ago;2025.08.10;python, sql, spark
MLOps engineer;Accenture;Vilnius / Remote;€ 3300 – 5350;N/A;Renewed 4 days ago;2025.06.04;N/A
Large Language Modelling/Gen AI engineer;Accenture;Vilnius / Remote;€ 2600 – 5050;N/A;Renewed 4 days ago;2025.06.04;N/A
Data Analyst for Risk & Procurement team;Visma Tech, UAB;Vilnius / Remote;€ 2800 – 5000;N/A;4 days ago;2025.06.11;sql, ai
.NET Developer for Idella team;Visma Tech, UAB;Vilnius / Remote;€ 2800 – 5500;N/A;4 days ago;2025.06.11;c#, go, azure, devops, agile
Junior Data Management Consultant;EY;Vilnius / Remote;€ 2000 – 2700;Junior;4 days ago;2025.06.11;N/A
AI Engineer;Emplonet, UAB;Kaunas;€ 5800 – 7500;N/A;4 days ago;2025.06.11;machine learning, ai, tensorflow, pytorch
Technical Support Specialist (French);QDev Technologies, UAB;Vilnius / Remote;€ 2200 – 2700;N/A;4 days ago;2025.06.11;sql, ai, git
Salesforce Administrator;Emplonet, UAB;Vilnius;€ 2500 – 3500;N/A;4 days ago;2025.06.11;devops
Service Delivery Manager (IT Network company);People Link, UAB;Vilnius;€ 3500 – 5000;N/A;4 days ago;2025.06.11;N/A
SAP EWM Functional analyst;Accenture;Vilnius;€ 3800 – 5200;N/A;4 days ago;2025.06.11;N/A
SAP Financial accounting/Controlling functional analyst;Accenture;Vilnius;€ 3800 – 5200;N/A;4 days ago;2025.06.11;N/A
Manual Quality Assurance Engineer;People Link, UAB;Kaunas;€ 2000 – 4000;N/A;4 days ago;2025.06.11;N/A
Automated Quality Assurance Engineer;People Link, UAB;Kaunas;€ 2500 – 5000;N/A;4 days ago;2025.06.11;N/A
Head of Network Reliability and Optimization;Danske Bank Lithuania;Vilnius;€ 5760 – 8640;Senior;4 days ago;2025.06.09;ai, networking
Java Engineer in Advisory, Org data and Groups;Danske Bank Lithuania;Vilnius;€ 3520 – 5280;N/A;4 days ago;2025.05.28;java, sql, spring, docker, aws, kafka
IT Engineer for MS 365 Productivity | SEB, Vilnius;SEB;Vilnius;€ 2550 – 3400;N/A;7 days ago;2025.06.15;N/A
Quality Assurance Engineer;Luminor Bank, AB;Vilnius;€ 4010 – 6550;N/A;7 days ago;2025.05.23;ci/cd, jenkins
Senior .NET Full-Stack developer;Accenture;Vilnius / Remote;€ 2500 – 4600;Senior;7 days ago;2025.06.08;N/A
Pogrupio vadovas (-ė);Light Conversion, UAB;Vilnius;€ 3100 – 4000;N/A;Renewed 7 days ago;2025.06.01;N/A
IT pagalbos specialistas (-ė);Lidl Lietuva, UAB;Vilnius;€ 2235 – 2590;N/A;7 days ago;2025.06.08;N/A
Senior Systems Engineer - Network Support;Moody's;Vilnius;€ 4200 – 6700;Senior;7 days ago;2025.06.08;ai, networking, tcp/ip
Off-Page SEO Lead;UAB GG Group Media;Vilnius / Remote;€ 3000;Senior;7 days ago;2025.06.07;go
SEO Specialist;UAB GG Group Media;Vilnius / Remote;€ 2400;N/A;7 days ago;2025.06.07;go
Unit Manager for the Omnichannel Unit;Baltic Amadeus, UAB;Vilnius;€ 6000 – 9000;N/A;7 days ago;2025.06.08;N/A
IT pagalbos specialistė (-as);LTG;Kaunas;€ 2030 – 3040;N/A;8 days ago;2025.06.07;N/A
Finansinio audito 2-ojo departamento valstybinis auditorius (-ė) (terminuota darbo sutartis);Lietuvos Respublikos Valstybės Kontrolė;Vilnius;€ 1874 – 2572;N/A;8 days ago;2025.05.22;N/A
Pardavimo vadybininkas (-ė) esamiems ir naujiems klientams (kompiuterinė įranga);Noriu personalo sprendimų grupė;Kaunas;€ 2450 – 4100;N/A;8 days ago;2025.05.22;N/A
Product Owner for Risk Definitions and Events – Risk and Compliance Tribe;Danske Bank Lithuania;Vilnius;€ 5200 – 7800;N/A;8 days ago;2025.05.29;go
Senior QA Specialist in Wealth Planning and Investments Tribe;Danske Bank Lithuania;Vilnius;€ 2960 – 4440;Senior;8 days ago;2025.06.05;java, javascript, go, ai, agile, soap
IT inžinierius (-ė);Lietuvos paštas, AB;Kaunas;€ 1700 – 2100;N/A;8 days ago;2025.06.07;N/A
Python-Javascript programuotojas;Ortho Baltic, UAB;Kaunas / Remote;€ 3000 – 7000;N/A;8 days ago;2025.06.07;N/A
QA Specialist in Wealth Planning and Investments Tribe;Danske Bank Lithuania;Vilnius;€ 2480 – 3720;N/A;8 days ago;2025.06.05;java, javascript, go, ai, agile, soap
Business Analyst in Solutions Development Team;Danske Bank Lithuania;Vilnius;€ 2880 – 4320;N/A;8 days ago;2025.06.05;agile
Social Media Manager;Bcreatives, UAB;Vilnius;€ 3400 – 4400;N/A;9 days ago;2025.05.21;go
IT pardavimų vadybininkas Kaune;Heksimus, UAB;Kaunas;€ 2000 – 2600;N/A;9 days ago;2025.06.06;N/A
Lead Site Reliability Engineer in Digital Processing | SEB, Kaunas;SEB;Kaunas;€ 4350 – 6550;Senior;9 days ago;2025.06.15;N/A
Training Manager;People Link, UAB;Kaunas;€ 4000 – 5000;N/A;9 days ago;2025.06.06;N/A
IT System Administrator;Avia Solutions Group;Vilnius / Remote;€ 3100 – 4200;N/A;9 days ago;2025.06.06;azure, terraform, devops
Helpdesk Team Lead in Lithuania;ASTRAL Executive Search SIA;Vilnius;€ 3300;Senior;9 days ago;2025.06.06;N/A
IT ir kibernetinio saugumo koordinatorius (-ė);People Link, UAB;Vilnius;€ 2500 – 3600;N/A;9 days ago;2025.06.06;N/A
AI Engineer;Iki Lietuva, UAB;Vilnius;€ 2560 – 4500;N/A;9 days ago;2025.06.04;go, sql, ai, ci/cd, git, gitlab
Sistemų administratorius (-ė) (KDV priežiūrai);Registrų centras, VĮ;Vilnius;€ 1789 – 2683;N/A;9 days ago;2025.06.01;N/A
Technical Support Specialist (German);QDev Technologies, UAB;Vilnius / Remote;€ 2200 – 2700;N/A;9 days ago;2025.06.06;go, sql, ai, git
Java Internship;Coherent Solutions, UAB;Vilnius / Remote;€ 1;Junior;10 days ago;2025.06.05;java, go, sql, mysql, postgresql
IT pardavimų vadybininkas (-ė) (B2B);Amston klientas;Vilnius;€ 2800 – 2930;N/A;10 days ago;2025.06.05;N/A
Dėstytojas;Klaipėdos valstybinė kolegija;Klaipėda;€ 2160 – 2588;N/A;10 days ago;2025.06.05;N/A
Dėstytojas;Klaipėdos valstybinė kolegija;Klaipėda;€ 2160 – 2588;N/A;10 days ago;2025.06.05;N/A
JUNIOR GIS SPECIALIST (F/M/D) I IGNITIS RENEWABLES;Ignitis Group;Vilnius;€ 1580 – 2371;Junior;10 days ago;2025.06.05;python, ai
Senior Systems Engineer - Storage and Backup;Moody's;Vilnius;€ 4200 – 6700;Senior;10 days ago;2025.06.05;azure, devops, git, github, tcp/ip, dns
Senior Cloud DevOps Engineer in Finance Tribe;Danske Bank Lithuania;Vilnius;€ 4560 – 6840;Senior;10 days ago;2025.05.27;python, go, aws, azure, terraform, devops, ci/cd, git, github
Duomenų inžinierius (-ė) Duomenų valdymo departamente;AB Artea bankas;Vilnius / Remote;€ 3220 – 4830;N/A;10 days ago;2025.06.03;N/A
UX/UI Designer (Maternity cover);Danske Bank Lithuania;Vilnius;€ 2960 – 4440;N/A;10 days ago;2025.06.03;git, agile
Software Engineer;GetJet Airlines, UAB;Vilnius;€ 2500 – 5000;N/A;10 days ago;2025.06.05;N/A
Veiklos analitikas (-ė) (Juridinių asmenų registras);Registrų centras, VĮ;Vilnius;€ 2175 – 3263;N/A;10 days ago;2025.06.05;N/A
Mid/Senior QA Engineer for Progress OpenEdge Unit;Baltic Amadeus, UAB;Vilnius / Remote;€ 2500 – 3800;Senior;10 days ago;2025.06.05;N/A
Senior Solution Architect for the Universal Capabilities Squad, Workflow Enablement;Danske Bank Lithuania;Vilnius;€ 5600 – 8400;Senior;10 days ago;2025.06.03;java, ai
Projektų koordinatorius (-ė) (teisiniai klausimai);AUGA;Vilnius;€ 2500 – 3000;N/A;11 days ago;2025.05.18;N/A
CityBee .NET Back-End Developer (Vilnius or Kaunas);Modus Mobility;Vilnius;€ 4100;N/A;11 days ago;2025.06.04;N/A
Duomenų analitikė (-as);EPSO-G įmonių grupė;Vilnius;€ 2700 – 3500;N/A;11 days ago;2025.06.04;N/A
Mid Level C++ Software Engineer;Emplonet, UAB;Vilnius;€ 3800 – 5000;Mid;11 days ago;2025.06.04;N/A
System (Azure) Administrator;Emplonet, UAB;Kaunas;€ 4132.24 – 4462.8;N/A;11 days ago;2025.06.04;docker, kubernetes, azure, ai, devops, networking
IS specialistas (-ė);Emplonet, UAB;Vilnius;€ 2900 – 3100;N/A;11 days ago;2025.06.04;N/A
Produkto vadovas (-ė);Emplonet, UAB;Vilnius;€ 3800 – 4000;N/A;11 days ago;2025.06.04;N/A
Vyr. IS administratorius (-ė);Emplonet, UAB;Vilnius;€ 3300 – 4500;N/A;11 days ago;2025.06.04;N/A
Vyr. ekspertas (-ė) (Dirbtinis intelektas - Teisės sritis);Inovacijų agentūra, VšĮ;Vilnius;€ 2800 – 3500;N/A;11 days ago;2025.06.04;N/A
Software Quality Engineer;Viltechmeda, UAB;Vilnius;€ 3000 – 3700;N/A;11 days ago;2025.06.04;python, c#, c++, go, ai
Senior JAVA Developer for Pathway team;Visma Tech, UAB;Vilnius / Remote;€ 3600 – 6300;Senior;11 days ago;2025.06.04;java, go, react, spring, aws, gcp
Techninės kontrolės inžinierius (-ė);Iremas, UAB;Jonava;€ 1600 – 3000;N/A;11 days ago;2025.06.04;N/A
Komercijos vadybininkas (-ė);Iremas, UAB;Jonava;€ 1700 – 3000;N/A;11 days ago;2025.06.04;N/A
Power Platform Developer;Avia Solutions Group;Vilnius / Remote;€ 2500 – 4950;N/A;14 days ago;2025.07.31;ai, rest api
Duomenų analitinių produktų grupės vadovas (-ė);Registrų centras, VĮ;Vilnius;€ 3161 – 4741;N/A;14 days ago;2025.05.16;N/A
IT Project Manager;People Link, UAB;Kaunas;€ 4000 – 5000;N/A;14 days ago;2025.06.01;N/A
Kibernetinių incidentų tyrimo analitikė (-as);LTG;Vilnius;€ 3230 – 4840;N/A;14 days ago;2025.05.16;N/A
SAP HR specialistas (-ė);Lidl Lietuva, UAB;Vilnius;€ 2135 – 2605;N/A;14 days ago;2025.06.01;N/A
Senior Finacial Data Engineer | SEB, Vilnius;SEB;Vilnius;€ 3650 – 5450;Senior;16 days ago;2025.06.15;N/A
Public IT Tender Specialist;Baltic Amadeus, UAB;Vilnius / Remote;€ 2455 – 4132;N/A;16 days ago;2025.05.30;N/A
Programinės įrangos inžinierius (-ė) .NET, C#;Viltechmeda, UAB;Vilnius;€ 3000 – 3600;N/A;16 days ago;2025.05.30;N/A
Software QA Engineer (manual);Viltechmeda, UAB;Vilnius;€ 2500 – 3000;N/A;16 days ago;2025.05.30;go
Kibernetinio saugumo analitikas (-ė) (pamaininis darbo grafikas);UAB NRD CS;Vilnius / Remote;€ 2680 – 3700;N/A;16 days ago;2025.05.30;N/A
Experienced Backend Engineer - Wix Blog;Wix.com, UAB;Vilnius;€ 3500 – 5000;N/A;16 days ago;2025.05.30;go
DevOps Engineer;Wix.com, UAB;Vilnius;€ 4500 – 6000;N/A;16 days ago;2025.05.30;kubernetes, aws, gcp, terraform, ansible, linux, networking
Backend Engineer, Devex Platform;Wix.com, UAB;Vilnius;€ 2500 – 4000;N/A;16 days ago;2025.05.30;go, ai, ci/cd
Senior Backend Engineer – CTO Group;Wix.com, UAB;Vilnius;€ 5000 – 8000;Senior;16 days ago;2025.05.30;java, node.js
Senior Data Platform Engineer for Data Platform Tribe;Danske Bank Lithuania;Vilnius;€ 4160 – 6240;Senior;16 days ago;2025.05.28;python, java, aws, devops
Senior IT Software Engineer;Danske Bank Lithuania;Vilnius;€ 4480 – 6720;Senior;16 days ago;2025.05.28;sql, aws
IT Platform Engineer within Data Management Support;Danske Bank Lithuania;Vilnius;€ 3280 – 4920;N/A;16 days ago;2025.05.28;aws, azure, terraform, ci/cd, git, linux
Lead Site Reliability Engineer in Digital Processing | SEB, Vilnius;SEB;Vilnius;€ 4350 – 6550;Senior;17 days ago;2025.06.15;N/A
Software Engineer (Java);Cognizant Lietuva;Vilnius / Remote;€ 3240 – 3810;N/A;17 days ago;2025.05.29;N/A
Senior Data Scientist for Data Validation Team;Danske Bank Lithuania;Vilnius;€ 3440 – 5160;Senior;17 days ago;2025.05.20;python, sql
IT pirkimų vyr. specialistas (-ė);Registrų centras, VĮ;Vilnius;€ 2376 – 3564;N/A;17 days ago;2025.05.29;N/A
Senior .NET Software Engineer in Finance Tribe;Danske Bank Lithuania;Vilnius;€ 4560 – 6840;Senior;17 days ago;2025.05.20;go, react, docker, aws, azure, terraform, ai, ci/cd
Data Engineering Intern;Littelfuse LT;Kaunas;€ 1200 – 1400;Junior;17 days ago;2025.05.29;sql, ai
IT Security Intern;Littelfuse LT;Kaunas;€ 1200 – 1400;Junior;17 days ago;2025.05.29;ai
Product Engineer;AS Inbank filialas;Vilnius;€ 3000 – 5000;N/A;17 days ago;2025.05.29;sql
Chief DevOps Specialist for SDLC and Standards;Danske Bank Lithuania;Vilnius;€ 5600 – 8399;N/A;17 days ago;2025.05.28;docker, kubernetes, aws, azure, gcp, terraform, ansible, ai, devops, ci/cd, git, github, linux
Produkto savininkas (-ė) (turintis (-i) pavaldžių žmonių);Emplonet, UAB;Vilnius;€ 2708 – 4062;N/A;17 days ago;2025.05.29;N/A
Business Analyst;FL Technics;Vilnius / Remote;€ 3300 – 3650;N/A;17 days ago;2025.05.30;agile
Microsoft D365 Finansų/SCM sprendimų konsultantas;GO-ERP, UAB;Vilnius / Remote;€ 3305 – 4958;N/A;17 days ago;2025.05.29;N/A
Konsultantas (-ė) - CRM (Senior);GO-ERP, UAB;Vilnius / Remote;€ 2000 – 4000;Senior;17 days ago;2025.05.29;N/A
Microsoft Dynamics Business Central konsultantas (-ė);GO-ERP, UAB;Vilnius / Remote;€ 3305 – 4958;N/A;17 days ago;2025.05.29;N/A
MS SQL Solution Developer in Finance Tribe | SEB, Vilnius;SEB;Vilnius;€ 2850 – 5450;N/A;18 days ago;2025.06.15;N/A
Projektų vadovas/inžinierius;Ortho Baltic, UAB;Kaunas;€ 2500 – 3000;N/A;18 days ago;2025.05.28;N/A
Data Analytics Intern;Continental Tires Business Services, UAB;Kaunas;€ 1160;Junior;18 days ago;2025.05.28;python, go, sql
IT sprendimų vadovė (-as);Regitra, AB;Vilnius;€ 2350 – 3000;N/A;18 days ago;2025.05.28;N/A
Linux System Administrator;EUROAPOTHECA, UAB;Vilnius;€ 3500 – 4400;N/A;18 days ago;2025.05.28;go, sql, mysql, postgresql, docker, kubernetes, ansible, ai, linux, vpn
Marketing Manager;Digmatix;Vilnius / Remote;€ 3000 – 3500;N/A;18 days ago;2025.05.28;ai, git
Senior Software Engineer (Gen AI);Moody's;Vilnius;€ 5200 – 8300;Senior;18 days ago;2025.05.28;python, java, javascript, go, sql, nosql, mysql, postgresql, html, css, react, angular, django, flask, docker, aws, azure, gcp, ai, devops, git, unix
Data Analyst;Kilo Health - UAB Kilo grupė;Vilnius;€ 3000 – 4000;N/A;18 days ago;2025.05.28;sql, spark
Duomenų analitikas (-ė);Valstybinė mokesčių inspekcija prie Lietuvos Respublikos finansų ministerijos;Vilnius / Remote;€ 2200 – 2800;N/A;18 days ago;2025.05.19;N/A
Veiklos/duomenų analitikas (-ė);Valstybinė mokesčių inspekcija prie Lietuvos Respublikos finansų ministerijos;Vilnius / Remote;€ 2200 – 2800;N/A;18 days ago;2025.05.19;N/A
Veiklos/duomenų analitikas (-ė);Valstybinė mokesčių inspekcija prie Lietuvos Respublikos finansų ministerijos;Vilnius / Remote;€ 2200 – 2800;N/A;18 days ago;2025.05.19;N/A
Full-Stack Java Developer;Indigroup;Vilnius / Remote;€ 3500 – 5900;N/A;18 days ago;2025.05.28;N/A
Senior PHP Developer;Indigroup;Vilnius;€ 5000 – 6000;Senior;18 days ago;2025.05.28;N/A
IT sistemų analitikas (-ė);City Service, UAB;Vilnius;€ 1800 – 3300;N/A;18 days ago;2025.05.28;N/A
DI sprendimų architektas (-ė);City Service, UAB;Vilnius / Remote;€ 5000 – 7500;N/A;18 days ago;2025.05.28;N/A
DI inžinierius (-ė) – prisijunk prie mūsų komandos ir kurk inovacijas!;Mano būstas, UAB;Vilnius;€ 4000 – 5500;N/A;18 days ago;2025.05.28;N/A
Product Security Specialist;Quadigi, UAB;Vilnius / Remote;€ 3800 – 5600;N/A;18 days ago;2025.05.28;ai, cybersecurity, penetration testing
Full-Stack Developer Internship;Present Connection, UAB;Kaunas / Remote;€ 1;Junior;19 days ago;2025.05.27;go, ai
Workflow Solution Developer in Digital Processing | SEB, Vilnius;SEB;Vilnius;€ 2850 – 4250;N/A;21 days ago;2025.06.15;N/A
QA Engineer;NRD Companies;Vilnius / Remote;€ 2200 – 3700;N/A;21 days ago;2025.05.25;go, ai
.NET programuotojas;NRD Companies;Vilnius / Remote;€ 4000 – 5400;N/A;21 days ago;2025.05.25;java, javascript, sql, html, css, express
IT specialistas (-ė);Allianz Lietuva gyvybės draudimas UAB;Vilnius;€ 1700 – 2400;N/A;21 days ago;2025.05.25;N/A
Senior Front-End Engineer;Kilo Health - UAB Kilo grupė;Vilnius;€ 5520 – 6000;Senior;21 days ago;2025.05.25;react, spark
Front-End Engineer;Kilo Health - UAB Kilo grupė;Vilnius;€ 3120 – 4030;N/A;21 days ago;2025.05.25;react, spark
PHP programuotoja (-as);Blue Bridge grupė;Vilnius / Remote;€ 3000 – 4800;N/A;21 days ago;2025.05.25;N/A
Junior Android Developer in the Omnichannel Unit;Baltic Amadeus, UAB;Kaunas;€ 1100 – 2900;Junior;21 days ago;2025.05.25;N/A
Cyber Security Consultant;EY;Vilnius;€ 2000 – 2700;N/A;21 days ago;2025.05.25;N/A
Full Stack Engineer;People Link, UAB;Vilnius;€ 4400 – 4900;N/A;21 days ago;2025.05.25;N/A
IT skaitmenizacijos vadovas (-ė);Newsec Property Management LT, UAB;Vilnius;€ 4960 – 5785;N/A;21 days ago;2025.05.25;N/A
Java developer ready to develop the digital services of tomorrow | SEB, Vilnius;SEB;Vilnius;€ 3650 – 5450;N/A;22 days ago;2025.06.15;N/A
Senior Service (Systems) Owner;QDev Technologies, UAB;Vilnius / Remote;€ 3500 – 4500;Senior;22 days ago;2025.05.24;go, less, ai, git
AI Backend Engineer;CV-Online klientas;Kaunas;€ 3200 – 4200;N/A;22 days ago;2025.05.24;python, go, sql, nosql, django, flask, docker, kubernetes, machine learning, ai, ci/cd, git
AI Front-End Engineer;CV-Online klientas;Kaunas;€ 3000 – 4000;N/A;22 days ago;2025.05.24;machine learning, ai, ci/cd, git
Chief Technology Officer (CTO);Eleving Group;Vilnius;€ 6000 – 10000;N/A;22 days ago;2025.05.24;N/A
IT Systems Administrator;Avion Express;Vilnius;€ 3500 – 4100;N/A;22 days ago;2025.06.23;azure, ai, windows server, networking, tcp/ip, dns, vpn
Tinklo inžinierius (-ė);Kauno technologijos universitetas;Kaunas;€ 2600 – 2925;N/A;22 days ago;2025.05.24;N/A
Business Analyst - Problem Management;Moody's;Vilnius;€ 3500 – 5600;N/A;22 days ago;2025.05.24;go, ai, unix, networking
Business and Functional Specialist in Advisory Overview Squad;Danske Bank Lithuania;Vilnius;€ 2880 – 4320;N/A;23 days ago;2025.06.12;N/A
PERFORMANCE DATA ANALYST (F/M/D) | IGNITIS RENEWABLES;Ignitis Group;Vilnius;€ 2401 – 3602;N/A;23 days ago;2025.05.23;go, ai
Dirbtinio intelekto diegimo vadovas (-ė);People Link, UAB;Vilnius;€ 5500 – 7400;N/A;23 days ago;2025.05.23;N/A
Control Software Developer;Emplonet, UAB;Kaunas;€ 2500 – 5500;N/A;23 days ago;2025.05.23;N/A
Experienced Frontend Engineer - Wix Forms;Wix.com, UAB;Vilnius;€ 3000 – 8000;N/A;23 days ago;2025.05.23;go, ai
Dirbtinio Intelekto Inžinierius (-ė);People Link, UAB;Vilnius;€ 4000 – 5500;N/A;23 days ago;2025.05.23;N/A
HR|Payroll sprendimų diegėjas (-as) - konsultantas (-ė);OIXIO, UAB;Vilnius / Remote;€ 3000 – 3700;N/A;23 days ago;2025.05.23;N/A
Network Engineer;Wix.com, UAB;Vilnius;€ 5500 – 8000;N/A;23 days ago;2025.05.23;docker, kubernetes, terraform, ansible, ai, linux, networking, tcp/ip, dns
Priežiūros specialistas (-ė);ADB „Gjensidige“;Vilnius;€ 1781 – 2671;N/A;23 days ago;2025.05.16;N/A
TEAM LEAD OF IT SYSTEMS ANALYSIS;Ignitis Group;Vilnius;€ 3594 – 5390;Senior;24 days ago;2025.05.31;sql
PROGRAMUOTOJAS (-A) (PASTATŲ VALDYMAS);UAB „Energus Group“;Vilnius;€ 2455 – 3801;N/A;24 days ago;2025.05.22;N/A
IS plėtros skyriaus vadovas (-ė);Emplonet, UAB;Vilnius;€ 3602 – 5900;N/A;24 days ago;2025.05.22;N/A
Junior Integration Engineer;Johnson Matthey Global Business Services Lithuania, UAB;Vilnius;€ 3416 – 4666;Junior;24 days ago;2025.05.22;go, azure, ai
Integration Engineer;Johnson Matthey Global Business Services Lithuania, UAB;Vilnius;€ 3958 – 5416;N/A;24 days ago;2025.05.22;go
Mid-Level Full-Stack Developer (React + .NET);UAB „Energus Group“;Vilnius;€ 3306 – 4959;Mid;24 days ago;2025.05.22;java, javascript, c++, go, sql, react
Vyr. programuotojas (-a) (JAVA);Registrų centras, VĮ;Vilnius;€ 2880 – 4320;N/A;24 days ago;2025.05.22;N/A
Vyr. programuotojas (-a) (.NET technologija);Registrų centras, VĮ;Vilnius;€ 2880 – 4320;N/A;24 days ago;2025.05.22;N/A
Duomenų inžinierius(-ė)/Data Engineer;Metso Global Business Services, UAB;Šiauliai;€ 2500 – 3200;N/A;24 days ago;2025.05.22;N/A
IT Infrastructure Team Lead;FL Technics;Vilnius / Remote;€ 5000 – 5800;Senior;24 days ago;2025.05.22;N/A
AI DEVELOPER;UAB „Energus Group“;Vilnius;€ 3306 – 4959;N/A;24 days ago;2025.05.22;python, ai
AI Engineer;EY;Vilnius / Remote;€ 2100 – 4000;N/A;24 days ago;2025.05.22;N/A
.NET developer;Elgama-Elektronika, UAB;Kaunas;€ 2800 – 4000;N/A;24 days ago;2025.05.22;sql, rest api
IT sistemų specialistas (-ė);Emplonet, UAB;Vilnius;€ 2454 – 2806;N/A;24 days ago;2025.05.22;N/A
JAVA developer for Roxit team;Visma Tech, UAB;Vilnius / Remote;€ 1600 – 4600;N/A;24 days ago;2025.05.22;java, sql, postgresql, spring, docker, kubernetes, agile
Back-End Software developer (Java);Emplonet, UAB;Kaunas;€ 4600 – 5500;N/A;24 days ago;2025.05.22;java, redis, spring, docker, kubernetes, spark, kafka
E. komercijos asistentė (-as) Utenoje;Telemarketing, UAB;Utena;€ 1800;N/A;28 days ago;2025.05.18;N/A
.NET Software Engineer in Welcoming and Orchestration Tribe;Danske Bank Lithuania;Vilnius;€ 3520 – 5280;N/A;28 days ago;2025.05.16;c#, go, sql, docker, kubernetes, ai, kafka
Chief DevOps Engineer;Danske Bank Lithuania;Vilnius;€ 5600 – 8400;N/A;28 days ago;2025.05.16;c#, go, aws, azure, ai, devops, ci/cd, git, github
Senior Business Analyst for Agent Foundry Team;Danske Bank Lithuania;Vilnius;€ 3600 – 5400;Senior;28 days ago;2025.05.16;ai, agile, scrum
Test automation specialist in Custody Cash team | SEB, Vilnius | SEB, Vilnius;SEB;Vilnius;€ 3650 – 5450;N/A;29 days ago;2025.06.15;N/A
Automation Engineer with Power Platform experience | SEB, Vilnius;SEB;Vilnius;€ 2200 – 3400;N/A;29 days ago;2025.06.15;N/A
Front-End Engineer (React Native) in Wealth Planning and Investments Tribe;Danske Bank Lithuania;Vilnius;€ 3360 – 5040;N/A;29 days ago;2025.05.21;kotlin, react, ai, agile
QA Engineer (opportunity to become a back-end developer) for Hubble team;Visma Tech, UAB;Vilnius / Remote;€ 3000 – 4100;N/A;29 days ago;2025.05.17;go, angular, docker, azure, ci/cd
Senior Security Windows Server technician | SEB, Vilnius;SEB;Vilnius;€ 3000 – 4500;Senior;30 days ago;2025.06.15;N/A
Cloud Data Engineer in HR IT, Corporate Functions | SEB, Vilnius;SEB;Vilnius;€ 2850 – 4250;N/A;30 days ago;2025.06.15;N/A
Junior System Administrator;Quadigi, UAB;Kaunas;€ 2000 – 2800;Junior;30 days ago;2025.05.16;go, ai, linux, windows server
Sales Manager;Ridango AS;Lithuania;€ 3300 – 4400;N/A;30 days ago;2025.05.16;N/A
Database Administrator;BIGBANK AS filialas;Vilnius / Remote;€ 3900 – 7768;N/A;30 days ago;2025.05.16;sql, postgresql
DevOps Engineer for Hubble team;Visma Tech, UAB;Vilnius / Remote;€ 3600 – 6300;N/A;about 1 month ago;2025.05.16;go, docker, kubernetes, azure, terraform, ci/cd, networking
Senior Cloud Platform Engineer;Danske Bank Lithuania;Vilnius;€ 4560 – 6840;Senior;about 1 month ago;2025.05.28;python, java, javascript, c#, react, docker, kubernetes, aws, terraform, ai, ci/cd
Intermediate Digital Marketing Manager;Deep Media Technologies;Vilnius / Remote;€ 2400 – 3000;N/A;about 1 month ago;2025.05.16;N/A
Junior Digital Marketing Manager;Deep Media Technologies;Vilnius / Remote;€ 1800 – 2300;Junior;about 1 month ago;2025.05.16;N/A
IT architektas (-ė);UAB ILTE;Vilnius;€ 5000 – 7300;N/A;about 1 month ago;2025.05.16;N/A
Junior Java Developer in Customer Lifecycle Managment team | SEB, Vilnius;SEB;Vilnius;€ 2300 – 3500;Junior;about 1 month ago;2025.06.15;N/A
Senior Solution Architect for Platform and Data Squad in Workflow Enablement Tribe;Danske Bank Lithuania;Vilnius;€ 5600 – 8400;Senior;about 1 month ago;2025.06.13;go, aws, ci/cd, agile
Senior Java Engineer in Advisory, Org data and Groups;Danske Bank Lithuania;Vilnius;€ 4560 – 6840;Senior;about 1 month ago;2025.05.28;java, sql, spring, docker, aws, kafka
Senior Engineer in Internal Identity and Access Management | SEB, Vilnius;SEB;Vilnius;€ 3000 – 4500;Senior;about 1 month ago;2025.06.15;N/A
Senior iOS Software Engineer in Customer Engagement Individuals;Danske Bank Lithuania;Vilnius;€ 4320 – 6480;Senior;about 1 month ago;2025.06.06;go, swift
Senior .NET Software Engineer in Welcoming and Orchestration Tribe;Danske Bank Lithuania;Vilnius;€ 4560 – 6840;Senior;about 1 month ago;2025.06.06;c#, go, sql, docker, kubernetes, ai, kafka
Full stack developer seeking new digital challenges | SEB, Vilnius;SEB;Vilnius;€ 2850 – 4250;N/A;about 1 month ago;2025.06.15;N/A
Java Chapter Lead for Welcoming and Orchestration;Danske Bank Lithuania;Vilnius;€ 5200 – 7800;Senior;about 1 month ago;2025.05.19;java, spring
BUSINESS IMPROVEMENT PROJECT MANAGER (F/M/D) | IGNITIS RENEWABLES;Ignitis Group;Vilnius;€ 2666 – 3999;N/A;about 1 month ago;2025.06.17;ai
Senior Front-end Developer;Danske Bank Lithuania;Vilnius;€ 4320 – 6480;Senior;about 2 months ago;2025.06.12;less, node.js, express, aws, azure, gcp, ai, devops, ci/cd, git
Business Analyst;FL Technics;Vilnius / Remote;€ 2500 – 3500;N/A;about 2 months ago;2025.05.30;go, azure, ai, agile
SKAITMENINĖS SAUGOS EKSPERTĖ (-AS) (ATSINAUJINANTI ENERGETIKA);Ignitis Group;Vilnius;€ 4403 – 6604;N/A;about 2 months ago;2025.05.30;N/A
Software Engineer in Banking APIs | SEB, Vilnius;SEB;Vilnius;€ 2850 – 4250;N/A;about 2 months ago;2025.06.15;N/A
Senior Platform Engineer at Danica IT;Danske Bank Lithuania;Vilnius;€ 4640 – 6960;Senior;about 2 months ago;2025.05.28;kubernetes, devops, ci/cd
IT PROJECT PORTFOLIO ANALYST (F/M/D);Ignitis Group;Vilnius;€ 3757 – 5635;N/A;about 2 months ago;2025.05.17;ai, agile
SENIOR IT PROJECT MANAGER (F/M/D) (INFRASTRUCTURE);Ignitis Group;Vilnius;€ 3757 – 5635;Senior;about 2 months ago;2025.05.17;go, ai
Experienced Full-stack Data Scientist for Behavioural Modelling Team;Danske Bank Lithuania;Vilnius;€ 4160 – 6240;N/A;about 2 months ago;2025.05.30;aws
Senior Software Engineer (Front-end) in AML Review Tribe;Danske Bank Lithuania;Vilnius;€ 4320 – 6480;Senior;about 2 months ago;2025.05.19;java, javascript, html, react, angular
OPERATIONAL TECHNOLOGY SYSTEM ADMINISTRATOR (OTSA) (F/M/D) | IGNITIS RENEWABLES;Ignitis Group;Vilnius;€ 2641 – 3962;N/A;about 2 months ago;2025.05.17;ai, cybersecurity
Mid/Senior Site Reliability Engineer with passion for innovation | SEB, Vilnius;SEB;Vilnius;€ 2850 – 5450;Senior;2 months ago;2025.06.15;N/A
Mid/Senior Site Reliability Engineer with passion for innovation | SEB, Kaunas;SEB;Kaunas;€ 2850 – 5450;Senior;2 months ago;2025.06.15;N/A
Senior Java Developer for Credit Journey Tribe;Danske Bank Lithuania;Vilnius;€ 4560 – 6840;Senior;2 months ago;2025.05.21;java, spring, docker, kubernetes, aws, ai, rest api
Senior .NET Engineer in Financial Crime Lifecycle Management Tribe;Danske Bank Lithuania;Vilnius;€ 4560 – 6840;Senior;2 months ago;2025.06.11;sql, kubernetes, ai, git
Java/ Angular Software Developer at Financing & Loans Tribe | SEB, Vilnius;SEB;Vilnius;€ 2850 – 4250;N/A;2 months ago;2025.06.15;N/A
Senior Dynamics 365 and Power Platform Solution Developer | SEB, Vilnius;SEB;Vilnius;€ 4350 – 6300;Senior;2 months ago;2025.06.15;N/A
.NET Software Engineer in Customer Engagement Individuals;Danske Bank Lithuania;Vilnius;€ 3520 – 5280;N/A;2 months ago;2025.06.09;go, sql, kubernetes, azure, ai, devops, ci/cd
Data Engineer in Finance Tribe;Danske Bank Lithuania;Vilnius;€ 3520 – 5280;N/A;2 months ago;2025.05.27;python, go, sql, spark
Business System Support Analyst (+Danish language bonus allowance);Danske Bank Lithuania;Vilnius;€ 1480 – 2220;N/A;2 months ago;2025.05.19;ai
Full Stack Developer in Credit & Capital tribe | SEB, Vilnius;SEB;Vilnius;€ 3650 – 5450;N/A;3 months ago;2025.06.15;N/A
Senior Software Engineer (Mainframe) in Credit Journey Tribe;Danske Bank Lithuania;Vilnius;€ 4640 – 6960;Senior;3 months ago;2025.05.16;N/A
DevOps Engineer for Journey Automation Team;Danske Bank Lithuania;Vilnius;€ 4640 – 6960;N/A;3 months ago;2025.05.28;docker, kubernetes, aws, terraform, ai, devops, ci/cd
Senior SAS Platform Engineer;Danske Bank Lithuania;Vilnius;€ 4160 – 6240;Senior;3 months ago;2025.06.02;aws, azure, ai
IT Platform Engineer for MLOps (Machine Learning) Area;Danske Bank Lithuania;Vilnius;€ 3280 – 4920;N/A;3 months ago;2025.06.12;aws, terraform, ai, ci/cd, kafka
IT LICENSE ADMINISTRATOR (F/M/D);Ignitis Group;Vilnius;€ 2379 – 3568;N/A;3 months ago;2025.05.25;terraform, ansible, ai
Senior Business Analyst in End User Services – GenAI services;Danske Bank Lithuania;Vilnius;€ 3600 – 5400;Senior;3 months ago;2025.05.19;ai
DATA ENGINEER (F/M/D);Ignitis Group;Vilnius;€ 3121 – 4683;N/A;3 months ago;2025.05.18;python, sql, ai
DATA ENGINEER (F/M/D);Ignitis Group;Vilnius;€ 3121 – 4683;N/A;3 months ago;2025.05.18;python, sql, ai
IT Software Architect;Danske Bank Lithuania;Vilnius;€ 5040 – 7560;N/A;3 months ago;2025.05.21;java, ai
Data Engineering Chapter Lead in Everyday Banking Individuals Tribe;Danske Bank Lithuania;Vilnius;€ 5200 – 7800;Senior;3 months ago;2025.06.06;go, aws, gcp, agile
Senior Data Engineer in Everyday Banking Individuals Tribe;Danske Bank Lithuania;Vilnius;€ 4560 – 6840;Senior;3 months ago;2025.06.06;go, sql, nosql, aws, gcp, agile
Senior Cloud Data Engineer in HR IT, Corporate Functions | SEB, Vilnius;SEB;Vilnius;€ 3650 – 5450;Senior;3 months ago;2025.06.15;N/A
.NET Full-Stack Developer in Leasing team | SEB, Vilnius;SEB;Vilnius;€ 2850 – 5450;N/A;3 months ago;2025.06.15;N/A
DUOMENŲ VALDYSENOS (DATA GOVERNANCE) KOORDINATORĖ (-IUS);Ignitis Group;Vilnius;€ 3267 – 4900;N/A;3 months ago;2025.05.30;N/A
Google Cloud Platform Engineer | SEB, Vilnius;SEB;Vilnius;€ 2850 – 5450;N/A;4 months ago;2025.06.15;N/A
Google Cloud Platform Engineer | SEB, Kaunas;SEB;Kaunas;€ 2850 – 5450;N/A;4 months ago;2025.06.15;N/A
HEAD OF INTEGRATIONS (F/M/D);Ignitis Group;Vilnius;€ 4247 – 6370;Senior;4 months ago;2025.05.27;java, go, spring, ai, ci/cd, git, gitlab, agile, scrum, kanban
DevOps Engineer for Log Infrastructure | SEB, Vilnius;SEB;Vilnius;€ 2850 – 5450;N/A;4 months ago;2025.06.15;N/A
Senior Software Engineer (.NET) in AML Review Tribe;Danske Bank Lithuania;Vilnius;€ 4560 – 6840;Senior;5 months ago;2025.05.19;c#, react, aws
Java Engineering Lead to establish a new squad in Digital Core Tribe;Danske Bank Lithuania;Vilnius;€ 5520 – 8280;Senior;5 months ago;2025.05.28;agile
Senior Java Developer for Welcoming and Orchestration Tribe;Danske Bank Lithuania;Vilnius;€ 4560 – 6840;Senior;6 months ago;2025.06.06;java, sql, spring, docker, kubernetes, aws, ai
Mid/Senior Java Developer | SEB, Vilnius;SEB;Vilnius;€ 2850 – 5450;Senior;6 months ago;2025.06.15;N/A
Mid/Senior Java Developer | SEB, Kaunas;SEB;Kaunas;€ 2850 – 5450;Senior;6 months ago;2025.06.15;N/A
Senior .Net Software Engineer for Risk and Compliance Tribe;Danske Bank Lithuania;Vilnius;€ 4560 – 6840;Senior;6 months ago;2025.05.19;aws, terraform, ai, ci/cd
JUNIOR ORACLE DEVELOPER (F/M/D);Ignitis Group;Vilnius;€ 2532 – 3800;Junior;7 months ago;2025.05.17;sql, ai
IT Solution Architect for People Tribe;Danske Bank Lithuania;Vilnius;€ 5040 – 7560;N/A;7 months ago;2025.06.12;go, aws
Chief Data Architect in Financial Crime Lifecycle Management;Danske Bank Lithuania;Vilnius;€ 6640 – 9960;N/A;7 months ago;2025.05.16;aws, agile
IT INFRASTRUCTURE ADMINISTRATOR (F/M/D);Ignitis Group;Vilnius;€ 2379 – 3568;N/A;8 months ago;2025.05.17;python, terraform, ansible, ai, linux, windows server, networking
Application Support specialist for Data Quality | SEB, Vilnius;SEB;Vilnius;€ 2850 – 4250;N/A;9 months ago;2025.06.15;N/A
Senior Cloud Specialist: Kubernetes and Linux;Danske Bank Lithuania;Vilnius;€ 4560 – 6840;Senior;10 months ago;2025.05.28;python, ruby, go, kubernetes, aws, azure, gcp, terraform, ansible, ai, linux
Senior Cloud Specialist: Kubernetes;Danske Bank Lithuania;Vilnius;€ 4560 – 6840;Senior;10 months ago;2025.05.28;go, kubernetes, aws, azure, terraform, ansible, devops, git
Data Engineer for Global Insights;Danske Bank Lithuania;Vilnius;€ 3440 – 5160;N/A;12 months ago;2025.05.28;N/A
Java Developer for Event Driven Integration Team | SEB,Vilnius;SEB;Vilnius;€ 3650 – 5450;N/A;over 2 years ago;2025.06.15;N/A
IT Solution Owner (Forestry Systems) – Ingka Investments;WorkingDay Latvia SIA;Kaunas / Remote;€ 4700 – 6700;N/A;Renewed about 22 hours ago;2025.05.17;go, ai, git
Senior .NET Engineer;Alliance for Recruitment;Vilnius;€ 5500 – 10000;Senior;1 day ago;2025.06.15;N/A
Google Cloud Platform Engineer | SEB, Kaunas;SEB;Kaunas;€ 2850 – 5450;N/A;4 months ago;2025.06.15;N/A
HEAD OF INTEGRATIONS (F/M/D);Ignitis Group;Vilnius;€ 4247 – 6370;Senior;4 months ago;2025.05.27;java, go, spring, ai, ci/cd, git, gitlab, agile, scrum, kanban
DevOps Engineer for Log Infrastructure | SEB, Vilnius;SEB;Vilnius;€ 2850 – 5450;N/A;4 months ago;2025.06.15;N/A
Senior Software Engineer (.NET) in AML Review Tribe;Danske Bank Lithuania;Vilnius;€ 4560 – 6840;Senior;5 months ago;2025.05.19;c#, react, aws
N/A;N/A;N/A;N/A;N/A;N/A;N/A;N/A
N/A;N/A;N/A;N/A;N/A;N/A;N/A;N/A
N/A;N/A;N/A;N/A;N/A;N/A;N/A;N/A
N/A;N/A;N/A;N/A;N/A;N/A;N/A;N/A
N/A;N/A;N/A;N/A;N/A;N/A;N/A;N/A
N/A;N/A;N/A;N/A;N/A;N/A;N/A;N/A
N/A;N/A;N/A;N/A;N/A;N/A;N/A;N/A
N/A;N/A;N/A;N/A;N/A;N/A;N/A;N/A
N/A;N/A;N/A;N/A;N/A;N/A;N/A;N/A
N/A;N/A;N/A;N/A;N/A;N/A;N/A;N/A
N/A;N/A;N/A;N/A;N/A;N/A;N/A;N/A
N/A;N/A;N/A;N/A;N/A;N/A;N/A;N/A
N/A;N/A;N/A;N/A;N/A;N/A;N/A;N/A
N/A;N/A;N/A;N/A;N/A;N/A;N/A;N/A
N/A;N/A;N/A;N/A;N/A;N/A;N/A;N/A
N/A;N/A;N/A;N/A;N/A;N/A;N/A;N/A
