Title;Company;Location;Salary;Seniority;Published
IT sistemų administratoriaus;UAB „J&C Aero“;Vilnius;3300-4500;N/A;4 hours ago.
Sistemų administratorius (-ė);ATEA grupė;Kaunas;1300-1700;N/A;5 hours ago.
Full-Stack Software Engineer (Java/Kotlin,Typescript);UAB „NFQ Technologies“;Vilnius;2500-4640;N/A;5 hours ago.
Technical support engineer;Elinta Charge, UAB;Kaunas;1900-2299;N/A;6 hours ago.
Senior embedded software developer;Elinta Charge, UAB;Kaunas;4000-5000;Senior;6 hours ago.
Business Development Project Manager;EVERWEST, UAB;Vilnius;3290-4110;N/A;7 hours ago.
IT Systems Administrator;Avion Express;Vilnius;3500-4100;N/A;8 hours ago.
IT INFRASTRUCTURE ADMINISTRATOR (F/M/D);Ignitis grupė;Vilnius;2379-3568;N/A;9 hours ago.
Senior Python Developer;UAB „Gurtam“;Vilnius;6000-7000;Senior;10 hours ago.
DATA ENGINEER (F/M/D);Ignitis grupė;Kaunas;3121-4683;N/A;21 hours ago.
DATA ENGINEER (F/M/D);Ignitis grupė;Kaunas;3121-4683;N/A;21 hours ago.
Odoo ERP Programmer (for contract);UAB „J&C Aero“;Vilnius;4800-6199;N/A;1 days ago
Odoo ERP Programuotojas (kontraktui);UAB „J&C Aero“;Vilnius;4800-6200;N/A;1 days ago
CONTROL SOFTWARE DEVELOPER;UAB Emplonet;Kaunas;2500-5500;N/A;1 days ago
JAUNESNYSIS IT SPECIALISTAS (-Ė);UAB „Penkių kontinentų komunikacijų centras“;Vilnius;1500-2000;N/A;1 days ago
IT PROJEKTŲ VADOVAS (-Ė);Sanitex įmonių grupė;Kaunas;2900-4300;N/A;1 days ago
AX/DYNAMICS VYSTYMO ANALITIKAS (-Ė);Sanitex įmonių grupė;Kaunas;1700-2200;N/A;1 days ago
PHP programuotojas (-a);UAB „Agrokoncernas“;Kaunas;2400-3000;N/A;1 days ago
IT system analyst (DWH);UAB „OLYMPIC CASINO GROUP BALTIJA“;Vilnius;4000-4699;N/A;1 days ago
Senior Digital Workplace Engineer;UAB „Convera Lithuania“;Vilnius;From 3000;Senior;1 days ago
IT Support Analyst;UAB „Manpower Lit“;Klaipėda;2000-2300;N/A;1 days ago
Priežiūros specialistas (-ė);ADB „Gjensidige“;Vilnius;1781-2671;N/A;1 days ago
HR|Payroll sprendimų diegėjas (-as) - konsultantas (-ė);OIXIO, UAB;Kaunas;3000-3700;N/A;1 days ago
Internal Project Manager;UAB „NFQ Technologies“;Vilnius;2400-4000;Junior;1 days ago
SENIOR IT PROJECT MANAGER (F/M/D) (INFRASTRUCTURE);Ignitis grupė;Vilnius;3757-5635;Senior;2 days ago
IT PROJECT PORTFOLIO ANALYST (F/M/D);Ignitis grupė;Vilnius;3757-5635;N/A;2 days ago
TEAM LEAD OF IT SYSTEMS ANALYSIS;Ignitis grupė;Vilnius;3594-5390;Senior;2 days ago
Procesų specialistas (-ė);Eglės sanatorija;Kaunas;2400-2900;N/A;2 days ago
IT produktų vadybininkas (-ė) (IT presales);ATEA grupė;Vilnius;1100-1800;N/A;2 days ago
Produktų vadovas (-ė) (Technical Presales);ATEA grupė;Vilnius;1500-2000;N/A;2 days ago
Duomenų perdavimo sprendimų produktų vadybininkas (-ė) (Technical Presales);ATEA grupė;Vilnius;1000-1500;N/A;2 days ago
ERP Analyst/Consultant;UAB „Honestus“;Work from home;From 4300;N/A;2 days ago
Kibernetinio saugumo specialistė (-as);UAB „Bitė Lietuva“;Vilnius;3000-4500;N/A;2 days ago
VYR. PROGRAMUOTOJAS (-A) (JAVA);Registrų Centras, VĮ;Vilnius;2880-4320;N/A;2 days ago
VYR. PROGRAMUOTOJAS (-A) (.NET technologija);Registrų Centras, VĮ;Vilnius;2880-4320;N/A;2 days ago
Python / odoo ERP developer;UAB „Honestus“;Work from home;From 4000;N/A;2 days ago
MID FULL-STACK .NET DEVELOPER;UAB Emplonet;Kaunas;4000-5500;Mid;2 days ago
IT Infrastructure Team Lead;UAB „FL Technics“;Vilnius;5000-5800;Senior;2 days ago
Citco Vilnius Internship Program Spring/Summer 2025 - MOS Department;Citco Group of Companies;Vilnius;1038;Junior;2 days ago
SAVITARNOS IS VYSTYMO GRUPĖS VADOVAS (-Ė);Registrų Centras, VĮ;Vilnius;3520-5280;N/A;2 days ago
Quality Analyst;„Cencora“;Vilnius;2068-2955;N/A;2 days ago
.NET PROGRAMUOTOJAS (-A);ATEA grupė;Kaunas;1500-2200;N/A;2 days ago
.NET PROGRAMUOTOJAS (-A);ATEA grupė;Vilnius;1500-2200;N/A;2 days ago
Business Development Project Manager (Central Asia);EVERWEST, UAB;Vilnius;3290-4110;N/A;2 days ago
IS PLĖTROS SKYRIAUS PATARĖJAS (-A);UAB Emplonet;Vilnius;2708-4062;N/A;2 days ago
IS PLĖTROS SKYRIAUS VADOVAS (-Ė);UAB Emplonet;Vilnius;3602-5900;N/A;2 days ago
B2B IT Projektų vadovo Asistentas (-ė) - IT patirtis nebūtina;UAB „Infotransport“;Vilnius;1000-1500;N/A;2 days ago
IT inžinierius (-ė);UAB „PKC Group Lithuania“;Panevėžys;1900-2000;N/A;2 days ago
SENIOR SYSTEMS SUPPORT ENGINEER;Įmonių grupė „Penki kontinentai“;Vilnius;1600-1900;Senior;2 days ago
DI inžinierius (-ė) – prisijunk prie mūsų komandos ir kurk inovacijas!;CITY SERVICE įmonių grupė;Vilnius;4000-5500;N/A;2 days ago
Jaunesnysis Specialistas(-ė) Rinkodaros automatizavimo srityje;Swedbank;Vilnius;1200-1800;N/A;2 days ago
Full Stack Software Developer [Mid-Level];UAB „DANNIE LT“;Vilnius;2200;Mid;2 days ago
Java Developer;UAB „Bitė Lietuva“;Vilnius;2400-4500;N/A;2 days ago
IT administratorius;VšĮ „Statybos sektoriaus vystymo agentūra“;Vilnius;1382-2057;N/A;2 days ago
Data-Engineer / ML-Engineer;„Grafton Lithuania“, UAB;Vilnius;3000-6800;N/A;3 days ago
Technical Support Analyst;Western Union Lithuania ~ European Regional Operations Center;Vilnius;1758-2583;N/A;6 days left
Senior IT Network Administrator, Spaudos g. 6-1, Vilnius;UAB „RIMI LIETUVA“;Vilnius;3500-6800;Senior;5 days ago
Workday Integration Specialist;InMedica grupė;Vilnius;1900-4000;N/A;6 days ago
IT konsultantas (-ė);EVRC, UAB;Vilnius;1600-2000;N/A;6 days ago
INFORMACINIŲ TECHNOLOGIJŲ IR SKAITMENIZACIJOS VADOVAS (-Ė);UAB Emplonet;Vilnius;5300-5500;N/A;6 days ago
Kūrybos projektų vadovas (-ė);UAB „EVO MEDIA“;Vilnius;From 1500;N/A;6 days ago
Verslo sistemų analitikas (-ė);TMV Capital įmonių grupė;Kaunas;2000-2500;N/A;6 days ago
SOC analitikas (-ė);Nacionalinis kibernetinio saugumo centras prie KAM;Vilnius;2200-4800;N/A;6 days ago
Network Security administrator (Group level);RETAL GROUP;Vilnius;3306-4133;N/A;6 days ago
QA ENGINEER [Hybrid];IPRoyal Services FZE LLC;Work from home;2000-4000;N/A;6 days ago
IT in-store Retail Solutions Specialist, Spaudos g. 6-1, Vilnius;UAB „RIMI LIETUVA“;Vilnius;2360-2950;N/A;6 days ago
Back-End Developer;AAS „BTA Baltic Insurance Company“ filialas Lietuvoje;Vilnius;3200-3500;N/A;6 days ago
Full Stack Engineer;AB „LIETUVOS DRAUDIMAS“;Vilnius;3500-4200;N/A;6 days ago
PRODUCT MANAGER;Company name is hidden;Work from home;2500-6000;N/A;7 days ago
Kompiuterių sistemų inžinierius (-ė);Nacionalinis kibernetinio saugumo centras prie KAM;Kaunas;2100-3470;N/A;7 days ago
Verslo analitikų grupės komandos vadovas (-ė);ADB „Compensa Vienna Insurance Group“;Vilnius;3500-5000;N/A;7 days ago
KOMPIUTERIŲ TECHNIKAS (-Ė) - KLIENTŲ APTARNAVIMO SPECIALISTAS (-Ė);UAB „IT DARBAI“;Vilnius;800-1100;N/A;7 days ago
Business Development Project Manager;EVERWEST, UAB;Vilnius;3290-4110;N/A;7 days ago
Team Lead - Treasury Services;UAB „Outokumpu Stainless“;Vilnius;3500-4500;Senior;7 days ago
Business Developer;COCA-COLA HBC LIETUVA, UA;Kaunas;2650;N/A;7 days ago
Mezgimo mašinų programuotojas (-a);UAB „Garlita“;Kaunas;1400-2000;N/A;7 days ago
ML inžinierius (-ė);UAB „Novian pro“;Vilnius;4000-7000;N/A;7 days ago
DATA ENGINEER (F/M/D);Ignitis grupė;Vilnius;3121-4683;N/A;4 days left
OPERATIONAL TECHNOLOGY SYSTEM ADMINISTRATOR (OTSA) (F/M/D) | IGNITIS RENEWABLES;Ignitis grupė;Vilnius;N/A;N/A;7 days ago
Full - Stack Developer;UAB „FL Technics“;Vilnius;3400-4000;N/A;6 days left
Full Stack Developer / Programuotojas;MB „Bartus IT Solutions“;Vilnius;3000-3800;N/A;8 days ago
IT SISTEMŲ SPECIALISTAS (-Ė);UAB Emplonet;Vilnius;1500-1700;N/A;8 days ago
Support Operations Analyst (Night Shift);UAB „Cyan Blue Odds 2 LT“;Vilnius;1917-2083;N/A;8 days ago
IT sistemų administratorius (-ė) Babtuose;UAB „Agrokoncernas“;Kaunas;2800-4000;N/A;8 days ago
VERSLO PROCESŲ ANALITIKAS (-Ė);KIKA LT, UAB;Kaunas;From 3306;N/A;8 days ago
Site Engineer - Role in a Large-Scale Renewable Energy Project;„Grafton Lithuania“, UAB;Mažeikiai;2360-3300;N/A;8 days ago
Live-in Carer Jobs in Ireland 2,070 - 3,134 euro/month. Make 2025 a Great Year for You!;Affordable Live-in Homecare;Ireland;2070-3134;N/A;8 days ago
PYTHON PROGRAMUOTOJAS (-A);Company name is hidden;Kaunas;900-2500;N/A;8 days ago
IT Inžinierius (-ė) (SDL2 remote);ATEA grupė;Kaunas;1000-1800;N/A;8 days ago
WAREHOUSE TEAM LEAD;UAB „Aros Marine“;France;3000-3500;Senior;8 days ago
IT inžinierius (-ė) Klaipėdoje;UAB „Novian Technologies“;Klaipėda;1478-1872;N/A;8 days ago
Programuotojas kibernetinio saugumo tyrimų srityje;Nacionalinis kibernetinio saugumo centras prie KAM;Kaunas;2450-4132;N/A;8 days ago
ABAP Developer;ERGO;Vilnius;3000-3600;N/A;6 days left
IT Technical Specialist;Telia;Šiauliai;1480-2220;N/A;8 days ago
Senior IT Support Specialist;AB „Volfas Engelman“;Kaunas;3000;Senior;8 days ago
Junior Python Developer – Intelligent Automation;Citco Group of Companies;Vilnius;1700-2000;Junior;8 days ago
Cyber Security Consultant;EY;Vilnius;2000-2700;N/A;8 days ago
DATA ENGINEER (F/M/D);Ignitis grupė;Vilnius;3121-4683;N/A;N/A
A320 First Officer;UAB „GetJet Airlines“;Vilnius;N/A;N/A;8 days ago
A320 Captain;UAB „GetJet Airlines“;Vilnius;N/A;N/A;8 days ago
SAP SD/MM Retail Expert, Spaudos g. 6-1, Vilnius;UAB „RIMI LIETUVA“;Vilnius;4400-5000;N/A;8 days ago
IT Site Support Engineer;UAB „Viltechmeda“;Vilnius;3000-3800;N/A;9 days ago
Vyr. BI analitikas (-ė);TMV Capital įmonių grupė;Kaunas;2000-3000;N/A;9 days ago
IT Support Engineer;UAB „TV ŽAIDIMAI“;Vilnius;2149-3306;N/A;9 days ago
Junior Business Support Analyst;Citco Group of Companies;Vilnius;1300-1600;Junior;9 days ago
Odoo sprendimų programuotojas;UAB „Via Laurea“;Klaipėda;2800-3800;N/A;9 days ago
IS kokybės inžinierius (-ė);Lietuvos centrinė kredito unija;Kaunas;1650-2900;N/A;9 days ago
KLIENTŲ APTARNAVIMO GRUPĖS VADOVAS (-Ė);UAB „Duomenų logistikos centras“;Vilnius;2800-3500;N/A;9 days ago
Jaunesnysis .NET programuotojas;UAB „Universalios valdymo sistemos“;Vilnius;1400-2500;N/A;9 days ago
Projektų vadybininkas (-ė) (IT skyrius);UAB „Jakobsen Home Co“;Alytus;1500-2800;N/A;9 days ago
SISTEMŲ TESTUOTOJAS (-A);ATEA grupė;Kaunas;900-1000;N/A;9 days ago
Software Engineer;BIGBANK AS filialas;Vilnius;3700-4500;N/A;9 days ago
Full-Stack Engineer;UAB „Medical Score“;Vilnius;3500-6500;N/A;9 days ago
Inžinierius - programuotojas;UAB „TSPI“;Kaunas;2400-3000;N/A;9 days ago
Tech Architect;ERGO;Vilnius;4500-5500;N/A;9 days ago
TINKLO ADMINISTRATORIUS (-Ė) (Galimybė reikšmingai prisidėti prie Lietuvos saugumo);PERSONALO AKADEMIJA;Vilnius;1700-2200;N/A;9 days ago
Junior Systems Engineer;UAB „Airhub Aviation“;Vilnius;1500-2300;Junior;9 days ago
Information Security Officer;Bankera;Vilnius;2500-4499;N/A;9 days ago
Information Security Officer;Bankera;Kaunas;2500-4500;N/A;9 days ago
Technical Operations Specialist;Bankera;Kaunas;1100-3000;N/A;9 days ago
PROGRAMINIŲ SISTEMŲ TESTUOTOJAS (-A);UAB „People Link“;Vilnius;2000-3000;N/A;9 days ago
SALESFORCE ADMINISTRATOR;UAB Emplonet;Vilnius;2500-3500;N/A;9 days ago
International Work Permit Coordinator;Sindeed Consortium LLC, MB;Vilnius;1000-2000;Junior;N/A
Lead Cloud Engineer;UAB „NFQ Technologies“;Vilnius;4920-7380;Senior;9 days ago
Depozitoriumo specialistas (-ė)/Analitikas (-ė) Depozitoriumo paslaugų grupėje | SEB, Vilnius;SEB;Vilnius;1750-3250;N/A;10 days ago
IT KLIENTŲ APTARNAVIMO SPECIALISTAS (-Ė);UAB „Duomenų logistikos centras“;Vilnius;1300-2300;N/A;10 days ago
Head of Payments;UAB „Medical Score“;Vilnius;3000-4500;Senior;10 days ago
SALESFORCE DEVELOPER;UAB Emplonet;Vilnius;3500-4500;N/A;10 days ago
AI ENGINEER;UAB Emplonet;Kaunas;5800-7500;N/A;10 days ago
Software Systems Developer;UAB Omega 365 Lithuania;Klaipėda;From 2400;N/A;10 days ago
Senior Data Analyst;Avion Express;Vilnius;3636-4462;Senior;10 days ago
Pensijų ir draudimo vadybininkas (-ė) Nuotolinio konsultavimo skyrius| SEB, Šiauliai;SEB;Šiauliai;1750-3250;N/A;10 days ago
Mokėjimų paslaugų specialistas(-ė)| SEB, Vilnius;SEB;Vilnius;1600-2350;N/A;10 days ago
Product Specialist;UAB „DPD Lietuva“;Vilnius;2900-3300;N/A;10 days ago
IT SISTEMŲ PLĖTROS VADOVĖ (-AS);Ignitis grupė;Vilnius;3066-4599;N/A;N/A
AI Engineer;EY;Vilnius;2100-4000;N/A;10 days ago
SOFTWARE QA ENGINEER;UAB „Viltechmeda“;Vilnius;2500-3000;N/A;10 days ago
SOFTWARE QUALITY ENGINEER;UAB „Viltechmeda“;Vilnius;3000-3700;N/A;10 days ago
Saugumo sprendimų produktų vadybininkas (-ė) (Technical Presales);ATEA grupė;Vilnius;1000-1500;N/A;10 days ago
Programų priežiūros administratorius (-ė);UAB „KESKO SENUKAI LITHUANIA“;Kaunas;1200-1300;N/A;10 days ago
Mid/Senior .NET Full-Stack Developer (Vensafe);UAB „StrongPoint“;Vilnius;3240-6450;Senior;10 days ago
IT Onsite Inžinierius (-ė) Vilniuje;UAB „BTT Group“;Vilnius;1200-1600;N/A;10 days ago
Client Integration Senior Specialist;Citco Group of Companies;Vilnius;1700-2300;Senior;10 days ago
IT inžinierius (-ė);UAB „BSW Engineering“;Vilnius;2800-3200;N/A;10 days ago
Kibernetinių grėsmių paieškos specialistas (-ė);Nacionalinis kibernetinio saugumo centras prie KAM;Vilnius;3000-4000;N/A;10 days ago
Tech Lead / Solution Architect in Mobile Team | SEB, Vilnius;SEB;Vilnius;4350-6550;Senior;10 days ago
IT specialistas (-ė);UAB „Augma“;Klaipėda;1100-1300;N/A;10 days ago
IT SYSTEM ARCHITECT (ORACLE);UAB Emplonet;Vilnius;5000-5700;N/A;10 days ago
SENIOR BACKEND ORACLE PL/SQL DEVELOPER;UAB Emplonet;Vilnius;3800-5200;Senior;10 days ago
Software Engineer (PHP);UAB „NFQ Technologies“;Vilnius;2500-4640;N/A;10 days ago
Jaun. ERP Konsultantas (-ė) (Tiekimo grandinė);TMV Capital įmonių grupė;Kaunas;1400-2000;N/A;11 days ago
Python Developer (for AI Agent);CyberCare;Kaunas;3000-4300;N/A;11 days ago
Quality Assurance Team Manager;UAB „Bitė Lietuva“;Vilnius;N/A;N/A;13 days ago
IT SYSTEM ARCHITECT (JAVA);UAB Emplonet;Vilnius;5000-5700;N/A;13 days ago
SENIOR JAVA DEVELOPER;UAB Emplonet;Vilnius;3800-5200;Senior;13 days ago
SOFTWARE DEVELOPER;UAB Emplonet;Kaunas;3750-5700;N/A;13 days ago
KOMPIUTERINIŲ DARBO VIETŲ PRIEŽIŪROS SPECIALISTAS (-Ė);AB „Kelių priežiūra“;Klaipėda;2100-2400;N/A;13 days ago
SENIOR/MID- LEVEL FULL-STACK DEVELOPER (React & .NET);UAB „Veiklos Valdymo Sprendimai“;Kaunas;2200-3700;Senior;13 days ago
Senior .NET Core Engineer;EVERWEST, UAB;Vilnius;4000-5200;Senior;13 days ago
DevOps Engineer | Mid-Senior;UAB „DocLogix“;Vilnius;3200-6000;Senior;13 days ago
SEO praktikantas (-ė);UAB „VARLE“;Vilnius;N/A;N/A;13 days ago
Lean Management Intern;UAB „Continental Automotive Lithuania“;Kaunas;From 1073;Junior;13 days ago
Senior AML Investigations Analyst (Crypto);UAB „Guidehouse Lithuania“;Vilnius;2000-2600;Senior;13 days ago
Ieškome naujo inžinierių komandos nario į Klientų aptarnavimo skyriaus IS palaikymo grupę!;UAB „UCS BALTIC“;Vilnius;900-1200;N/A;13 days ago
CLOUD AI/WEB APP DEVELOPMENT LEAD • TELEMATICS;„Teltonikos“ įmonių grupė;Vilnius;4680-6587;Senior;13 days ago
Database Administrator;BIGBANK AS filialas;Vilnius;3900-7768;N/A;13 days ago
Linux sistemų administratorius (-ė);UAB „Interneto vizija“;Vilnius;2000-4000;N/A;13 days ago
IT ADMINISTRATORIUS (-Ė);UAB „PERSONALO SPRENDIMAI“;Kaunas;2000-2500;N/A;13 days ago
Payments Support Representative;Shift4 Payments Lithuania UAB;Vilnius;1575;N/A;13 days ago
Senior Quality Assurance Specialist;NORTHWAY ĮMONIŲ GRUPĖ;Vilnius;Up to 3500;Senior;13 days ago
Junior ESG Project Manager;Modus Group;Vilnius;From 2600;Junior;13 days ago
Test Automation Engineer (Python);UAB „Quadigi“;Vilnius;2300-5000;N/A;13 days ago
Controlling Intern;UAB „Continental Automotive Lithuania“;Kaunas;From 1074;Junior;13 days ago
VYR. GIS inžinierius (-ė);UAB „Vilniaus apšvietimas“;Vilnius;2600-2800;N/A;13 days ago
Verslo vystymo analitikas (-ė);UAB „Essmedi“;Vilnius;1200-1400;N/A;14 days ago
Senior Software Engineer (PHP);UAB „NFQ Technologies“;Vilnius;4500-7500;Senior;14 days ago
Manual Quality Assurance Engineer;UAB „People Link“;Kaunas;2000-4000;N/A;14 days ago
TESTUOTOJAS (-A);UAB „ASHBURN International“;Vilnius;1500-3000;N/A;N/A
Mid-Level Full-Stack Developer (React + .NET);UAB „ENERGUS GROUP“;Vilnius;2000-3000;Mid;14 days ago
Automated Quality Assurance Engineer;UAB „People Link“;Kaunas;2500-5000;N/A;14 days ago
IOT SOLUTIONS ENGINEER • TELEMATICS;„Teltonikos“ įmonių grupė;Vilnius;1907-2600;N/A;14 days ago
IT Sistemos Administratorius (-ė);UAB „Dominari“;Panevėžys;N/A;N/A;14 days ago
UX/UI dizaineris (-ė);UAB „NEVDA“;Vilnius;1800-2500;N/A;14 days ago
PHP PROGRAMUOTOJAS (-A);UAB „Kosmelita“;Kaunas;From 1700;N/A;14 days ago
Senior Functional Test Engineer;UAB „Continental Automotive Lithuania“;Kaunas;3100-3800;Senior;14 days ago
Full-Stack PHP/SYMFONY programuotojas (-a);UAB Integris;Vilnius;From 3000;N/A;14 days ago
IT analitikas (-ė);AB Vilniaus šilumos tinklai;Vilnius;2300-3445;N/A;14 days ago
Paštomatų tinklo plėtros vadovas (-ė);SmartPosti, UAB;Vilnius;2800-3400;N/A;14 days ago
.NET TEAM LEAD • TELEMATICS;„Teltonikos“ įmonių grupė;Vilnius;4680-5547;Senior;14 days ago
Juniper Specialist / System Engineer Network (all genders);DATAGROUP Operations Lithuania UAB;Kaunas;2000-5000;N/A;14 days ago
IT Network System Engineer (all genders);DATAGROUP Operations Lithuania UAB;Kaunas;2000-5000;N/A;14 days ago
IT Network Specialist (all genders) with focus on firewall;DATAGROUP Operations Lithuania UAB;Kaunas;2000-5000;N/A;14 days ago
TECHNINIO PALAIKYMO SPECIALISTAS (-Ė);UAB „Programmatus“;Vilnius;900-1500;N/A;14 days ago
Odoo programos administratorius (-ė) 0,5 etato;UAB „DOLETA“;Vilnius;1500;N/A;14 days ago
IT projektų vadovė (-as) - Informacinių technologijų ir telekomunikacijų centras;EPSO-G grupė;Vilnius;4000-5000;N/A;14 days ago
Backend Engineer - Core Banking Team;TransferGo Ltd;Vilnius;3600-4100;N/A;15 days ago
Backend Engineer - DevEx Team;TransferGo Ltd;Vilnius;3600-4100;N/A;15 days ago
.NET developer | Mid-Senior;UAB „DocLogix“;Vilnius;3200-7000;Senior;15 days ago
Paštomatų tinklo plėtros vadovas (-ė);SmartPosti, UAB;Kaunas;2800-3400;N/A;15 days ago
Entry level position for your IT career;UAB „LENDERS“;Vilnius;1100-1500;Junior;15 days ago
Transporto apskaitos, darbo užmokesčio valdymo sistemos analitikas (-ė);UAB „SCM Software“;Vilnius;2000-3500;N/A;15 days ago
.NET or .NET + REACT.JS DEVELOPER;UAB „Daviva“;Vilnius;2500-4500;N/A;15 days ago
IT TESTUOTOJA (-AS);Ignitis grupė;Vilnius;N/A;N/A;15 days ago
Engineering Manager;UAB „Kesko Senukai Digital“;Vilnius;6000-6942;N/A;15 days ago
Technical Support Representative;UAB „Xirgo Global“;Kaunas;1250;N/A;15 days ago
Jaunesnysis (-ioji) kibernetinio saugumo ekspertas (-ė);UAB „Adwisery“;Vilnius;1903-2422;N/A;15 days ago
IT palaikymo specialistas (-ė);UAB Mediafon;Vilnius;1800-2200;N/A;15 days ago
.Net programuotojas (.net Developer);UAB Mediafon;Vilnius;3000-3500;N/A;15 days ago
IT Services / Products Sales Project Manager;STFF Stafferty, UAB;Klaipėda;1600-1700;N/A;15 days ago
IT SPECIALISTAS (-Ė) („hardware“ ir „software“);UAB „GTS Transportas“;Kaunas;1200-1500;N/A;15 days ago
Service Delivery Manager (IT Network company);UAB „People Link“;Vilnius;3500-5000;N/A;15 days ago
React Native Developer;UAB „Medical Score“;Vilnius;2800-4000;N/A;15 days ago
Product Data Specialist;UAB „Bison Commerce“;Kaunas;1400-1570;N/A;15 days ago
Junior Data Management Consultant;EY;Vilnius;2000-2700;Junior;15 days ago
Business development manager;UAB „Baltic Ground Services“;Vilnius;From 3500;N/A;15 days ago
Network Engineer;UAB „NKT Lithuania“;Kaunas;3400-5100;N/A;15 days ago
Verslo aplikacijų ekspertė (-as);LTG;Vilnius;2980-4470;N/A;15 days ago
IT onsite inžinierius Kaune;UAB „BTT Group“;Kaunas;1000-1600;N/A;15 days ago
VYR. PHP PROGRAMUOTOJAS (-A);UAB „BnP Finance“;Vilnius;2500-3000;N/A;15 days ago
IS analitikas (-ė);Lietuvos centrinė kredito unija;Kaunas;1900-3250;N/A;15 days ago
Integration Solutions Specialist;UAB „FESTO“;Kaunas;1600-2600;N/A;15 days ago
API Development Specialist;UAB „FESTO“;Kaunas;1600-2600;N/A;15 days ago
VYR. DUOMENŲ MOKSLININKAS (-Ė);Registrų Centras, VĮ;Vilnius;3520-5280;N/A;15 days ago
QUALITY TECHNOLOGIST;UAB „Brolis semiconductors“;Vilnius;1600-2000;N/A;16 days ago
Informacinių technologijų ir ryšių saugumo specialistas (-ė);Lietuvos Respublikos ryšių reguliavimo tarnyba;Vilnius;2500-2850;N/A;16 days ago
Data Governance and Architecture Lead;UAB „DPD Lietuva“;Vilnius;5000-7000;Senior;16 days ago
AI Developer;UAB „ENERGUS GROUP“;Vilnius;2000-3000;N/A;16 days ago
Skaitmeninių paslaugų koordinatorius (-ė);Lietuvos Respublikos ryšių reguliavimo tarnyba;Vilnius;2678-3035;N/A;16 days ago
IT INFRASTRUKTŪROS ADMINISTRATORIUS (-Ė);UAB „Komfovent“;Vilnius;3000-4500;N/A;16 days ago
Sales Engineer/Manager;UAB „I-Photonics“;Vilnius;N/A;N/A;16 days ago
IT PASLAUGŲ (SERVICE DESK) KOMANDOS VADOVAS (-Ė);UAB „PERSONALO SPRENDIMAI“;Vilnius;3424-3835;N/A;16 days ago
BACK-END DEVELOPER (AI IMPLEMENTATION);UAB Emplonet;Vilnius;4000-6000;N/A;16 days ago
Junior PHP programuotojas (-a);UAB „Gedlito transportas“;Klaipėda;1300-1800;Junior;16 days ago
IS specialistas I Technologijų skyrius;VšĮ „Centrinė projektų valdymo agentūra“;Vilnius;2374-2963;N/A;17 days ago
SDL1 IT Inžinierius (-ė);ATEA grupė;Vilnius;1100-1400;N/A;17 days ago
Data Operations Analyst;Oxylabs;Vilnius;1500-2400;N/A;17 days ago
Skaitmeninės infrastruktūros koordinatorius (-ė);UAB „SAULĖS SPEKTRAS“;Vilnius;From 1800;N/A;17 days ago
Manager – Intelligent Automation;Citco Group of Companies;Vilnius;4000-5000;N/A;17 days ago
Test Automation Engineer (Python);UAB „QDev Technologies“;Vilnius;1900-4500;N/A;17 days ago
Quality engineer (medical device registration);UAB „Esco Medical Technologies“;Kaunas;1800-2800;N/A;17 days ago
IT sistemų (Sandėlio valdymo sistemos) priežiūros specialistas (-ė);UAB „Equinox Europe“;Kaunas;1300-2000;N/A;17 days ago
System Developer (RPA);UAB „Cognizant Technology Solutions Lithuania“;Vilnius;3500-4420;N/A;17 days ago
IT projektų vadovas (-ė);VšĮ Lietuvos energetikos agentūra;Vilnius;3000-3700;N/A;17 days ago
JAUNESNYSIS .NET PROGRAMUOTOJAS (-A);ATEA grupė;Šiauliai;1000-1500;N/A;17 days ago
IT specialistas (-ė) (vidinė infrastruktūra ir sistemų priežiūra);Hila;Vilnius;3000-3300;N/A;17 days ago
BUSINESS SYSTEMS ANALYST;UAB „Hollister Lietuva“;Kaunas;2400-3500;N/A;17 days ago
IT Architektas (-ė);UAB „KESKO SENUKAI LITHUANIA“;Kaunas;5000-7500;N/A;17 days ago
Master data analitikas (-ė);„Vičiūnų“ įmonių grupė;Kaunas;3307-4960;N/A;17 days ago
KOMPIUTERIZUOTŲ DARBO VIETŲ PRIEŽIŪROS INŽINIERĖ (-IUS);Ignitis grupė;Vilnius;1755-2632;N/A;6 days left
Automation Engineer;UAB „Lyncis“;Vilnius;3000-3400;N/A;17 days ago
Paslaugų vadovas (-ė);UAB „Novian Technologies“;Vilnius;2455-3306;N/A;18 days ago
QA Engineer (for AI Agent);CyberCare;Vilnius;2500-3900;N/A;19 days ago
Front End Developer (for AI Agent);CyberCare;Vilnius;3200-6300;N/A;19 days ago
Business Analyst;UAB „FL Technics“;Vilnius;3300-3650;N/A;6 days left
Full-stack programuotojas;MB „Kavateka“;Vilnius;From 1500;N/A;20 days ago
Product Support Advisor, German Speaker;UAB „STRATEGIC STAFFING SOLUTIONS INTERNATIONAL“;Vilnius;1643-1933;N/A;20 days ago
IT specialistas;UAB „Klaipėdos terminalo grupė“;Klaipėda;1300-1400;N/A;20 days ago
Lead Software Engineer (PHP);UAB „NFQ Technologies“;Vilnius;4500-7500;Senior;20 days ago
QUALITY ASSURANCE ENGINEER;UAB Emplonet;Kaunas;1500-2000;N/A;20 days ago
PRODUKTO VADOVAS (-Ė);UAB Emplonet;Kaunas;3800-4000;N/A;20 days ago
PRODUKTO VADOVAS (-Ė);UAB Emplonet;Vilnius;3800-4000;N/A;20 days ago
VYR. IS ADMINISTRATORIUS (-ė);UAB Emplonet;Vilnius;3300-4500;N/A;20 days ago
IT projektų vadovas (-ė) (informacinių sistemų kūrimo ar atnaujinimo projektams);Lietuvos Respublikos ryšių reguliavimo tarnyba;Vilnius;4106-4642;N/A;20 days ago
IT inžinierius;UAB „GoIT“;Vilnius;From 1400;N/A;20 days ago
Mobilių bazinių stočių įrangos montavimo inžinierius;UAB „Eltel Networks“;Finland;4000-5000;N/A;20 days ago
ERP priežiūros specialistas (-ė);TMV Capital įmonių grupė;Kaunas;2000-2500;N/A;20 days ago
UI/UX Engineer;Shift4 Payments Lithuania UAB;Vilnius;3500-4500;N/A;20 days ago
Duomenų analitikas (Python);UAB „Energy Advice“;Kaunas;1800-2500;N/A;20 days ago
IT sistemų administratorius Vilniuje;UAB „AV terminal“;Vilnius;2000-2300;N/A;20 days ago
Big Data Engineer;UAB „Bitė Lietuva“;Vilnius;N/A;N/A;20 days ago
Pardavimų palaikymo skyriaus asistentas (-ė) Kaune;AB „LIETUVOS DRAUDIMAS“;Kaunas;934;N/A;20 days ago
Claim Administration Specialist;Skycop;Vilnius;800-900;N/A;21 days ago
Procesų specialistas (-ė);Eglės sanatorija;Vilnius;2400-2900;N/A;21 days ago
Technical Support Specialist;UAB „QDev Technologies“;Vilnius;2200-2700;N/A;21 days ago
Retrospektyvinės stebėsenos skyriaus AML specialistas (-ė);AB ŠIAULIŲ BANKAS;Kaunas;1600-2400;N/A;7 days left
Retrospektyvinės stebėsenos skyriaus AML specialistas (-ė);AB ŠIAULIŲ BANKAS;Šiauliai;1560-2330;N/A;7 days left
FULL-STACK PROGRAMUOTOJAS (-A);Talent Lab;Vilnius;From 2500;N/A;21 days ago
Retrospektyvinės stebėsenos skyriaus AML specialistas (-ė);AB ŠIAULIŲ BANKAS;Vilnius;1670-2500;N/A;7 days left
Analitikas (-ė);AB Vilniaus šilumos tinklai;Vilnius;2300-3445;N/A;21 days ago
Programinės įrangos inžinierius (-ė) (.NET ir C#);UAB „Viltechmeda“;Vilnius;3000-3900;N/A;21 days ago
Kibernetinio saugumo specialistas (-ė);UAB „Nemuno vaistinė“;Kaunas;3306;N/A;21 days ago
Programinės įrangos konsultantas (-ė);Edrana Baltic, UAB;Vilnius;1300-1600;N/A;21 days ago
Sustainability Specialist Baltics;UAB „Tamro“;Kaunas;3500-4000;N/A;21 days ago
SISTEMŲ ANALITIKAS (-Ė);ATEA grupė;Vilnius;1000-2000;N/A;21 days ago
SISTEMŲ ANALITIKAS (-Ė);ATEA grupė;Kaunas;1000-2000;N/A;21 days ago
AI Automation Engineer;UAB „Medical Score“;Vilnius;3500-6000;N/A;21 days ago
MID-LEVEL QA ENGINEER;Įmonių grupė „Penki kontinentai“;Vilnius;1500-1800;Mid;21 days ago
Front-End Engineer;UAB „Medical Score“;Vilnius;2800-4000;N/A;21 days ago
IT serviso inžinierius darbui pas klientus (Šiauliai);UAB „UCS BALTIC“;Šiauliai;1279-1674;N/A;21 days ago
IT Infrastructure Manager;UAB Walletto;Vilnius;From 5000;N/A;21 days ago
POWER PLATFORM DEVELOPER (F/M/D);Ignitis grupė;Vilnius;3121-4683;N/A;21 days ago
Python Developer (for AI Agent);CyberCare;Vilnius;3000-4300;N/A;21 days ago
Solution Delivery Engineer (Digital Payment & Banking Solutions);UAB Walletto;Vilnius;From 3500;N/A;22 days ago
Application Management Support Specialist;UAB „COWI Lietuva“;Vilnius;2600-3500;N/A;22 days ago
BI DEVELOPER;UAB Emplonet;Vilnius;3500-5000;N/A;22 days ago
IT administratorius (-ė) (Vilniaus oro uostas);UAB „LITCARGUS“;Vilnius;From 2200;N/A;22 days ago
DUOMENŲ ANALITIKAS (-Ė);UAB „DPD Lietuva“;Vilnius;2200-2850;N/A;22 days ago
RPA Business Analyst;Shift4 Payments Lithuania UAB;Vilnius;2200-3200;N/A;22 days ago
IT SPECIALISTAS (-Ė) („hardware“ ir „software“);UAB „Kodema“;Kaunas;1300-1400;N/A;22 days ago
Pardavimų vadovas (-ė);UAB „ETANETAS“;Šalčininkai;From 1500;N/A;22 days ago
Paid Internship in Aircraft Engineering (CAMO);UAB „Airhub Aviation“;Vilnius;From 1038;Junior;22 days ago
IT PROJEKTŲ VADOVAS (-Ė);UAB „Kosmelita“;Kaunas;From 2400;N/A;22 days ago
IT onsite inžinierius (-ė) Panevėžyje;UAB „BTT Group“;Panevėžys;900-1600;N/A;22 days ago
Vyresnysis veiklos analitikas (-ė);Lietuvos Respublikos ryšių reguliavimo tarnyba;Vilnius;3035-3392;N/A;22 days ago
Gamybinių sistemų IT specialistas;AB „Kauno grūdai“;Kaunas;1100-1300;N/A;7 days left
Robotikos inžinierius (-ė);TMV Capital įmonių grupė;Vilnius;2800-3600;N/A;7 days left
.NET Intern;UAB „GODEL TECHNOLOGIES EUROPE“;Vilnius;Up to 237;Junior;23 days ago
Automation QA intern;UAB „GODEL TECHNOLOGIES EUROPE“;Vilnius;From 237;Junior;23 days ago
Head of Loyalty;UAB „Kesko Senukai Digital“;Vilnius;3512-3723;Senior;7 days left
VYR. SISTEMŲ ARCHITEKTAS (-Ė);Registrų Centras, VĮ;Vilnius;3520-5280;N/A;7 days left
HR|Payroll sprendimų diegėjas (-as) - konsultantas (-ė);OIXIO, UAB;Vilnius;3000-3700;N/A;7 days left
IT LICENSE ADMINISTRATOR (F/M/D);Ignitis grupė;Vilnius;2379-3568;N/A;6 days left
Senior .NET programuotojas (-a);UAB „Diagnostikos laboratorija“;Vilnius;4130-4600;Senior;7 days left
SENIOR BUSINESS SYSTEMS ANALYST SAP;UAB „Hollister Lietuva“;Kaunas;3500-5000;Senior;7 days left
Internal Auditor;Paysera;Vilnius;2500-4000;Junior;7 days left
PHP Developer (Mid level);UAB „Kesko Senukai Digital“;Vilnius;3795-4200;Mid;7 days left
DevOps Engineer (Mid/Senior Infrastructure, Automation & System Reliability);„Grafton Lithuania“, UAB;Vilnius;4960-6612;Senior;6 days left
QA Engineer – Frontend Automation Specialist;UAB PLC Group;Vilnius;2000-3500;N/A;6 days left
Technical Care Engineer;UAB „Gurtam“;Vilnius;1200-1400;N/A;6 days left
Informacijos saugos vadovas (-ė) (CISO);Modus Group;Vilnius;4000-7500;N/A;6 days left
Serverių priežiūros inžinierius (-ė);UAB „INFORMACINĖS SISTEMOS IR TECHNOLOGIJOS“;Šiauliai;2500-4000;N/A;6 days left
Back-End Engineer;UAB „Medical Score“;Vilnius;3000-4900;N/A;6 days left
Pre-Launch Specialist;Shift4 Payments Lithuania UAB;Vilnius;From 1950;N/A;6 days left
ELEKTRONIKOS PROGRAMUOTOJAS (-A);UAB „Simna“;Vilnius;2500-5000;N/A;6 days left
REACT NATIVE DEVELOPER • TELEMATICS;„Teltonikos“ įmonių grupė;Vilnius;3467-6067;N/A;6 days left
Software Engineer;UAB „GetJet Airlines“;Vilnius;2500-5000;N/A;6 days left
Senior DevOps Engineer (Scraping team);Oxylabs;Vilnius;5800-7400;Senior;6 days left
.NET DEVELOPER;UAB Emplonet;Kaunas;4500-6000;N/A;5 days left
LEAD JAVA DEVELOPER (F/M/D);Ignitis grupė;Vilnius;4247-6370;Senior;5 days left
Engineering Manager (Scraping Squad);Oxylabs;Vilnius;5000-6750;N/A;5 days left
Citco Vilnius Internship Program Spring/Summer 2025 - CoSec Department (Corporate Team);Citco Group of Companies;Vilnius;1038;Junior;N/A
Junior Systems Engineer;UAB „Lošimų strateginė grupė“;Vilnius;1835-2395;Junior;N/A
DevOps Engineer;UAB „Medical Score“;Vilnius;3500-4800;N/A;N/A
IT Business Analyst;UAB „GetJet Airlines“;Vilnius;2800-4130;N/A;N/A
Linux sistemų administratorius (-ė);UAB „Novian Technologies“;Vilnius;2455-3306;N/A;N/A
Senior JAVA programuotojas (-a);Company name is hidden;Work from home;6000-6600;Senior;N/A
ANDROID programuotojas (-a);Company name is hidden;Work from home;4300-5500;N/A;N/A
Mid JAVA programuotojas (-a);Company name is hidden;Work from home;4300-5500;Mid;N/A
Quality Assurance Engineer;UAB „Medical Score“;Vilnius;2000-3500;N/A;N/A
IT SPECIALISTAS (-Ė) KLAIPĖDOJE;UAB „Gitana“;Klaipėda;900-1500;N/A;N/A
IT projektų vadovas (-ė);UAB Urbo bankas;Vilnius;2100-3300;N/A;N/A
IT vadovas (-ė);Company name is hidden;Vilnius;4600;N/A;N/A
Software Engineer (Java);UAB „Cognizant Technology Solutions Lithuania“;Vilnius;3240-3810;N/A;N/A
JUNIOR ORACLE DEVELOPER (F/M/D);Ignitis grupė;Vilnius;2532-3800;Junior;N/A
IT Support Specialist;UAB „Continental Automotive Lithuania“;Kaunas;1819-2450;N/A;N/A
PRAKTIKANTAS (-Ė) IT PASLAUGŲ VALDYMO SRITYJE;Registrų Centras, VĮ;Vilnius;N/A;N/A;N/A
Business Analyst;UAB „FL Technics“;Vilnius;2500-3500;N/A;N/A
Apsaugos sistemų technikas (-ė);UAB koncernas „Achemos grupė“;Jonava;1500-1700;N/A;N/A
AUTOMATION ENGINEER;UAB „Emploera“;Vilnius;3500;N/A;N/A
JAUN. IT PROJEKTŲ VADOVAS (-Ė);UAB „Magnus IC“ (PrestaRock);Kaunas;900-1800;N/A;N/A
IT SISTEMŲ TESTUOTOJAS (-A);UAB „Magnus IC“ (PrestaRock);Kaunas;900-1700;N/A;N/A
Oracle ADF Engineer;UAB „Sapiens Lithuania“;Vilnius;4500-6000;N/A;N/A
Lead Software Engineer & Team Lead (PHP);UAB „NFQ Technologies“;Vilnius;4920-7380;Senior;N/A
PRAKTIKANTAS (-Ė) (PROCESŲ IR VEIKLOS VALDYMO SRITYJE);Registrų Centras, VĮ;Vilnius;N/A;N/A;N/A
IT ADMINISTRATORIUS;UAB „Gudobelė“;Kaišiadorys;2000-3000;N/A;N/A
Kibernetinio saugumo patarėjas (-a);BĮ „Nacionalinis bendrųjų funkcijų centras“;Vilnius;2230-2900;N/A;N/A
Senior Software Engineer and Team Lead;UAB „Cognizant Technology Solutions Lithuania“;Kaunas;4950-8250;Senior;N/A
Software Architect and Team Lead;UAB „Cognizant Technology Solutions Lithuania“;Kaunas;4950-8250;Senior;N/A
Verslo atitikties projektų vadovas (-ė) (Tarptautinė teisė, mokesčiai, migracija);Talentgraph;Klaipėda;2000-2200;N/A;N/A
Senior PHP Developer;UAB „Indigroup“;Vilnius;5000-6000;Senior;N/A
SDL2 Onsite IT inžinierius (-ė);ATEA grupė;Vilnius;1250-2750;N/A;N/A
IEŠKOME MID BACK-END PROGRAMUOTOJO (-OS);UAB Emplonet;Vilnius;3500-5300;Mid;N/A
DevOps Engineer;UAB „Sapiens Lithuania“;Vilnius;3500-4800;N/A;N/A
HEAD OF INTEGRATIONS (F/M/D);Ignitis grupė;Vilnius;4247-6370;Senior;N/A
Data Scientist;Avion Express;Vilnius;4000-6612;N/A;N/A
IT administratorius (-ė);TMV Capital įmonių grupė;Kaunas;2000-2400;N/A;N/A
Python programuotojas darbui su DI sprendimais;UAB „CC Learning“;Work from home;2000-3500;N/A;N/A
Vyr. ERP programuotojas (-a);TMV Capital įmonių grupė;Kaunas;3100-3700;N/A;N/A
VEIKLOS ANALITIKAS (-Ė) (Gyventojų registras);Registrų Centras, VĮ;Vilnius;2175-3262;N/A;N/A
Mid Quality Assurance Engineer;UAB „StrongPoint“;Vilnius;2630-3945;Mid;N/A
DevOps Engineer;UAB „TV ŽAIDIMAI“;Vilnius;4542-6728;N/A;N/A
POWER PLATFORM DEVELOPER (F/M/D);Ignitis grupė;Vilnius;3121-4683;N/A;N/A
Aerospace Engineer / Aircraft Cabin Engineer;UAB „J&C Aero“;Vilnius;1400-2200;N/A;N/A
IT Service Delivery Manager;Inchcape Lithuania;Vilnius;5000-5500;N/A;N/A
